id,txt,emotion,none
30000,Just got back from seeing @GaryDelaney in Burslem. AMAZING!! Face still hurts from laughing so much hilarious,joy,16.20
30001,Oh dear an evening of absolute hilarity I don't think I have laughed so much in a long time! ðŸ˜‚,joy,15.58
30002,Been waiting all week for this game â¤ï¸â¤ï¸â¤ï¸ cheer friday â¤ï¸,joy,15.40
30003,"@gardiner_love : Thank you so much, Gloria! You're so sweet, and thoughtful! You just made my day more joyful! I love you too! ðŸ˜ŠðŸ’•",joy,15.38
30004,"I feel so blessed to work with the family that I nanny for â¤ï¸ nothing but love &amp; appreciation, makes me smile.",joy,15.38
30005,"Today I reached 1000 subscribers on YT!! , goodday, thankful",joy,15.26
30006,"@Singaholic121 Good morning, love! Happy first day of fall. Let's make some awesome autumnmemories annabailey laughter smile",joy,15.24
30007,"BridgetJonesBaby is the best thing I've seen in ages! So funny, I've missed Bridget! love  TeamMark",joy,15.22
30008,Just got back from seeing @GaryDelaney in Burslem. AMAZING!! Face still hurts from laughing so much,joy,15.20
30009,"@IndyMN I thought the holidays could not get any more cheerful, and then I met you. TheNiceBot",joy,15.17
30010,I'm just still . So happy . A blast,joy,15.17
30011,It's meant to be!! happy happy,joy,15.17
30012,ðŸ’¥âš–ï¸Yeahâ€¼ï¸ PAULâ€¼ï¸âš–ï¸ðŸ’¥  glorious BB18,joy,15.17
30013,My morning started off amazing!! Hopefully the whole day is going as i want it to go!  GreatDay,joy,15.17
30014,ðŸ˜± @cailamarsai you've had me ðŸ˜‚ ðŸ˜‚ the whole time watching @black_ishABC after you've lost your glasses! It was hilarious! @mrbabyboogaloo,joy,15.00
30015,@iamTinaDatta love you so much smile ðŸ˜ŠðŸ˜Š,joy,14.56
30016,"@WyoWiseGuy @LivingVertical however, REI did offer me the job today as well. Can't believe how exponentially freaking joyous I feel...!!!",joy,14.56
30017,2 days until GoPackGo and 23 days until GoGipeGo..... I'm so excited! smiling,joy,14.40
30018,@TheMandyMoore You are beyond wonderful.  Your singing prowess is phenomenal but damn... I'm just elated to watch you act again. ThisIsUs ï¤—,joy,14.39
30019,"@luckiiCHARM_ Luckii, I'm changing in so many ways bc of Him!! It's a scary but joyful feeling, making me so strong.",joy,14.37
30020,@JoshNoneYaBiz I love parody accounts! Well done. Vote for Trump. lol hilarious,joy,14.35
30021,"When you wake up from a dream laughing at something stupid, and that makes you laugh more hilarious",joy,14.35
30022,"now that I have my future planned out, I feel so much happier goals life happy igotthis yay",joy,14.35
30023,Online now !!!:) all day come play with me !! I'm happy happy horny playful sweet sour;),joy,14.35
30024,@grahnort wonderful experience watching you yesterday at. @BBCLetItShine thankyou for the laughter,joy,14.32
30025,@itsyourgirl_Z happy birthday :) have a blessed day love from Toronto :) bday,joy,14.28
30026,@WSJNordics You make the world a more joyful place. TheNiceBot,joy,14.24
30027,Morning all! Of course it is sunny on this Monday morning to cheerfully welcome us back to work.:),joy,14.23
30028,"@Singaholic121 Good morning, love! Happy first day of fall. Let's make some awesome autumnmemories annabailey",joy,14.20
30029,It's the FirstDayofFall and I'm so happy. Sipping my PumpkinSpice flavored coffee and smiling! Happy Fall everyone! amwriting,joy,14.20
30030,Retweeted GunnySmith93 (@Stephen21Smith):  Days like today I am happy to be alive! blessed rejoice,joy,14.20
30031,@ADenkyirah Happy birthday! Hope you have a wonderful day filled with lots of joy and laughter &lt;3 (despite tumblr being a jerk- once again),joy,14.14
30032,LOVE LOVE LOVE  fun relaxationiskey,joy,14.14
30033,"This is the day You've made,   Let us rehoi rejoice and be glad with all that I am.   ðŸ˜ŠðŸ’–  aja  Good morning!!!!",joy,14.14
30034,I love to laugh and share laughter as way to share joy,joy,14.14
30035,second day on the job and i already got a 45 dollar tip from a dude whose was constantly twitching his eye LOLOLOL cheering,joy,14.14
30036,I'm such a fan of endless laughter with friends and enjoying happiness together. FridayFeeling weekend,joy,14.14
30037,the thought of you gets me through my day. the thought of your smile never fails at making me smile ðŸ’š,joy,14.14
30038,"Today I reached 1000 subscribers on YT!! happy, goodday, thankful",joy,14.09
30039,Getting my comedic relief w/ @SofiaVergara during season premiere of ModernFamily. Just what a girl needs! hilarious,joy,14.06
30040,@palmtreesarah @WorthingTheatre had more fun than the funniest person in funsville..... Much hilarity as usual.... Thank you â¤ï¸,joy,14.00
30041,@shwood @mpforstein OMD you 2 are cracking me up! Thanks for the follow Brian. I need some levity to balance the cynicism I share w/MichaelðŸ˜€,joy,14.00
30042,"@DorH84607784 Oh FANTASTIC, I bet it was super exhilarating  ðŸ¤—ðŸ˜",joy,14.00
30043,@ContourCosmetic well done ladies! A great award for an amazing team. A delight to present the award to you.,joy,14.00
30044,Vals always smiling I love it gbbo,joy,14.00
30045,Had a great time at Skywalkers open gym tonight! Come our every Wednesday from 7-8 in Hillsboro and train with us! opengym cheer tumbling,joy,13.53
30046,I love how cheery and adoring @JackHoward gets every time he produces new content.,joy,13.53
30047,Good morning joyful people. Choose happiness to have a great day today morning joyful happiness grandmercurejktkemayoran,joy,13.53
30048,Retweeted GunnySmith93 (@Stephen21Smith):  Days like today I am happy to be alive! blessed,joy,13.53
30049,"Wishing a very Happy Birthday to our awesome dancer, Ruthann!!! We hope your day is magical! bday  eatcake",joy,13.53
30050,Thank you @twitter for the balloons today. smile goodday 48,joy,13.53
30051,Omg. You've got to watch the new series 'This is Us'.....wow. Best tv show I've seen in a long time. tears laughter moretears,joy,13.47
30052,Today is the first time any math professor let us live early before the class time !!! 15 min feelsgood happy wednesday ,joy,13.47
30053,Food that gets delivered ðŸ˜ðŸ™ŒðŸ» cheering happy,joy,13.47
30054,You know you're in love when all you can do is smile whenever you talk about how he is to someone.,joy,13.40
30055,What a lively lovely shower ðŸ˜‡ ..,joy,13.40
30056,"What a great training course, lots of photos, fun and laughter. Photo's will be up soon Boostercourse fun laughter",joy,13.40
30057,@EmmyMitchell_  hahahaha you're ridiculous!!! But thank you a joyous evening xx,joy,13.35
30058,I am so happy I have come across @HilltopBindery notebooks! handmade would love to talk to you! musthave want need happy amazing ðŸ“–ðŸ–‹,joy,13.32
30059,second day on the job and i already got a 45 dollar tip from a dude whose was constantly twitching his eye LOLOLOL,joy,13.32
30060,Made my night that @GordonReid91 Reid was included in tonight's hilarity. Some of those points were brilliant. Thanks @andy_murray,joy,13.32
30061,"By the way, I'm wearing the smile you gave me today.   you me",joy,13.32
30062,@airvistara as always it was indeed a wonderful experience flying with you guys today bestinbusiness delight happyme,joy,13.32
30063,"@alpuzz Ah, but once I got it to work, there was much rejoicing! Lol thanks will get it to do taht now.",joy,13.32
30064,Getting my comedic relief w/ @SofiaVergara during season premiere of ModernFamily. Just what a girl needs!,joy,13.32
30065,"@MrHenvin Thank you, happy birthday to you as well!",joy,13.32
30066,"I really love the customer service @LifeProof they're always so nice, helpful and cheerful !",joy,13.28
30067,"@ChrisBooker @ThePerezHilton On PHP54  and though the Kardashian stuff goes over my head, you're both hilarious, like gleeful little boys ðŸ˜‚ðŸ˜‚",joy,13.28
30068,"@TheSandraGal Glad to see that you're having fun in the sun. Water sports are always fun, challenging, and exhilarating. happiness beauty",joy,13.16
30069,"May your day be filled with peacelove n laughter .Have a very nice day full of Success Jummah MubarakðŸ˜‡ , good morningâ˜• @WaseemBadami",joy,13.12
30070,2 days until GoPackGo and 23 days until GoGipeGo..... I'm so excited!,joy,13.12
30071,It's funny that everyone came in my life as they like how far I'm cheerful and self confident could make me 3abla kaml fg2a kda ðŸ˜‚ðŸ˜‚ðŸ˜‚,joy,13.12
30072,Happy Birthday @Brooke56_56  cheerchick jeep jeepgirl IDriveAJeep jeepjeep Cheer,joy,13.12
30073,TheNiceBot: melbjs ;) Here is a smile and a wink from across the web. TheNiceBot,joy,13.12
30074,"A smile brightens your day and the day of everyone around you, so remember to smile, it's free. :-)",joy,13.12
30075,I'm watching joyful noise for 100000000 time cuz I love this movie and @KekePalmer,joy,13.12
30076,"Indian time it's already ur birthday @akshaymarwah22. Have a stupendous birthday. Wish you more success, laughter and lots of love. Hugs. x",joy,13.12
30077,"now that I have my future planned out, I feel so much happier goals life  igotthis yay",joy,13.12
30078,"BridgetJonesBaby is the best thing I've seen in ages! So funny, I've missed Bridget! love hilarious TeamMark",joy,13.08
30079,Had a great time at Skywalkers open gym tonight! Come our every Wednesday from 7-8 in Hillsboro and train with us! opengym  tumbling,joy,13.00
30080,@jadelalaa_ hahaha and u da best bro ever luv u hearty hearts,joy,13.00
30081,@morgannbroom yes â¤ï¸â¤ï¸ &amp; cheering homecoming game!,joy,13.00
30082,I would like to congratulate the people of Saudi Arabia a happy and a joyous national day. May you all have a great time! Ø§Ù„ÙŠÙˆÙ…_Ø§Ù„ÙˆØ·Ù†ÙŠ,joy,12.51
30083,@JackAndJack I'm so lively for listenðŸ’—ðŸ˜€,joy,12.51
30084,@Nick_Offerman I'll be there!! Can't wait for all the !,joy,12.51
30085,@TheMandyMoore You are beyond wonderful.  Your singing prowess is phenomenal but damn... I'm just elated to watch you act again. ThisIsUs ðŸ¤—,joy,12.51
30086,@ahtareen1 @ReginalAleman @krelifa @zamansj64 @AwiexaB Very pleasing ty!,joy,12.51
30087,@Zerfash â€” can't wait.' She said cheerfully and grinned.,joy,12.51
30088,@madisenrb she's so sweet &amp; playful ðŸ˜,joy,12.51
30089,"Good morning, Trondheim! optimism productivity â›…ï¸â¤ï¸ðŸ‡³ðŸ‡´ðŸ¢ðŸ’»ðŸ–¥ðŸ‹ðŸ»ðŸ’ªðŸ¼ðŸ“ºðŸ¿",joy,12.51
30090,Thank you disney themed episode for letting me discover how amazing the @BlackishWriters are! hilarious,joy,12.51
30091,having a pet store worker ask 'do you want to play with them?' is the most exhilarating feeling,joy,12.51
30092,@yoshi_lucky Good morning.Let's start with a smile! Let's enjoy life in a cheerful way! Don't worry be happy!,joy,12.49
30093,Currently listening to @ScottFoxonair &amp; @KatCallaghan @Z1035Toronto podcasts!! Can you guys please move to yvr ? hilarious missyou,joy,12.49
30094,@Jen_Lee @mostlymartha @edotwoods we just found thin mints in a freezer clean. i couldn't be more elated.,joy,12.40
30095,@Myahrissavietta I'm cheery now ðŸ˜˜ðŸ˜‰,joy,12.40
30096,Probably the best OT period I've ever seen. Absolutely exhilarating. WCH2016 TeamNA,joy,12.40
30097,Rewatching 'Raising Hope' (with hubs this time) and totally forgot how hilarious it is ðŸ˜‚ HereWeGo,joy,12.40
30098,@airvistara as always it was indeed a wonderful experience flying with you guys today bestinbusiness  happyme,joy,12.40
30099,"@followAdamA looking back on recent tweets seen, this one right here is great perfect hilarious Speechless deal",joy,12.40
30100,I found marmite in Australia. `:) happy,joy,12.40
30101,@D_McMenemy It'll be easy to spot the parade of tiny weans in expensive jammies. Really is hilarious!,joy,12.30
30102,"Wishing a very Happy Birthday to our awesome dancer, Ruthann!!! We hope your day is magical! bday happy eatcake",joy,12.30
30103,"I love seeing happy women, that glow is something real.",joy,12.30
30104,Aw there's a young fox outside on the grass just jumping around all playful and having a little stretch ðŸ™ˆ soo cute ðŸº,joy,12.30
30105,"North America vs Sweden is the most exhilarating hockey I've ever watched ðŸ˜… wow , mackinonns mitts are silky TeamNA WCH2016",joy,12.30
30106,Just had efficient great smiling service @AppleBelgique store. Impressive team of geniuses ready to redefine what customer service is!,joy,12.30
30107,"By the way, I'm wearing the smile you gave me today.  you me smile",joy,12.30
30108,Use your smile to change the world. Don't let the world change your smile.' quote actorslife  love hardworkpaysoff fun,joy,12.25
30109,You're so cute @katienolan truelove hilarious @GarbageTime beautiful &amp; graceful never heard explicits spoken with such elegance. Mingo,joy,12.20
30110,"Always be cheerful, smile often make others happy, care for others, help who feel helpless and vulnerable. Life feels good leadership",joy,12.20
30111,"What a great training course, lots of photos, fun and laughter. Photo's will be up soon Boostercourse fun",joy,12.20
30112,LOVE LOVE LOVE smile fun relaxationiskey,joy,12.20
30113,@Matalan when the lady in Xmas dept answers your call as 'hello mrs Xmas' yep true story winning Xmas cheer goodcustomerservice â¤ ðŸ“žðŸ‘ðŸ˜Š,joy,12.20
30114,Happy birthday @iRidhiDogra keep smiling always.Wishing you a wonderful year ahead mam,joy,12.20
30115,"Good night, Twitter world! Wish you all good sleep / productive jovial days! :)",joy,12.11
30116,@RobRiggle @joelmchale @NFLonFOX I still can't get jimmy garoppolo out of my head and it's been almost 3 weeks. Thanks a lot! hilarious,joy,12.09
30117,My friend just messaged me 'ugh I'm so hungry I can't wait for breakfast' socialmedia WineWednesday hilarious funny laughing happy,joy,12.09
30118,Thank you disney themed episode for letting me discover how amazing the @BlackishWriters are!,joy,12.09
30119,@stackee Charlie attempted to suffocate me with a cushion for cheering so much at the great news ðŸ˜‚ðŸ˜‚,joy,12.09
30120,@clonmacart I'm beaming with glee.,joy,12.09
30121,Smile at people and see what happens.  I think you'll be surprised smile more surprisepeople influenceinternational,joy,12.09
30122,"Something about these cool, breezy fall days.. ðŸ˜ðŸ‚ðŸŒ¾ðŸ",joy,12.09
30123,Food that gets delivered ðŸ˜ðŸ™ŒðŸ»,joy,12.09
30124,@ArtyBagger With or without cake seeing your wee cheery face is always a joy xx,joy,12.09
30125,"I am a simple human being who just really loves @aliciakeys like truly, madly, deeply rejoicing in her existence, class and queendom",joy,12.09
30126,"I just really enjoy bright colors, like the colors you would see downtown Miami",joy,12.09
30127,"Thanks for making our Mass with Fr. Vallely respectful, meaningful, and joyful @ACSSCrusader @AssumptionHCDSB ! SeeWithEyesOfMercy",joy,12.00
30128,Good morning joyful people. Choose happiness to have a great day today morning  happiness grandmercurejktkemayoran,joy,12.00
30129,@LiamJamesVernon love the optimism!! BLUE MOON!,joy,12.00
30130,ContentwiththeLordsPortion:O satisfy us early with thy mercy;that we may rejoice &amp; be glad all our days.Ps 90:14 gladness joy delight,joy,12.00
30131,@RealestCastiel just sitting close to him for an extended period of time was exhilarating because he's so beautiful and lively lol,joy,12.00
30132,TheNiceBot: WSJNordics You make the world a more joyful place. TheNiceBot Ø§Ù„Ø®ÙØ¬ÙŠ,joy,11.48
30133,@PriiiincesssE thanks for distracting me from my paper to watch this hilarious video ðŸ˜‚,joy,11.48
30134,@grahnort wonderful experience watching you yesterday at. @BBCLetItShine thankyou for the,joy,11.48
30135,@LindseySanford @simplymeasured this makes me giggle with glee!,joy,11.48
30136,Live simply. Dream big. Be grateful. Give love. Laugh lots. - Unknown quote inspiration happy,joy,11.48
30137,Be happy. Be bright. Be YOU :) identity TimelessTips friendship family forest water family TrueLove God RoadSoFar you LifeTrip,joy,11.48
30138,"When you wake up from a dream laughing at something stupid, and that makes you laugh more",joy,11.48
30139,@JoshNoneYaBiz I love parody accounts! Well done. Vote for Trump. lol,joy,11.48
30140,Zephaniah 3:17 He surely is rejoicing over us with singing...such romance and so needed today!!,joy,11.48
30141,@imDevinLopez happy bday bro! ðŸ‘ŒðŸ»,joy,11.48
30142,@itsyourgirl_Z happy birthday :) have a blessed day love from Toronto :) bday smile,joy,11.44
30143,"Mate the thing I get excited about in my profession are mad. A client said she opened her bowels, I'm rejoicing",joy,11.44
30144,Riggs dumb ass hell lolol hilarious LethalWeapon,joy,11.40
30145,"â€œBe positive, cheerful, grateful and expectant.â€ @NightingaleEarl  Success Leadership",joy,11.40
30146,"We are elated to have @lisavol, Sid Espinosa and @dyuliharris, ready to inspire innovative students!!  @knightfdn @MicrosoftSV @JessicaWeare",joy,11.40
30147,@Norn_IronMaiden @forest_fr1ends It's hilarious,joy,11.34
30148,"It's not that the man did not know how to juggle, he just didn't have the balls to do it.  funny pun punny lol",joy,11.28
30149,ukedchat A4 Just go outside (or to the gym hall) and play!   education  learning,joy,11.28
30150,"And by the way, Takeru's eyes sparkling while eating was like the cutest thing ever.",joy,11.28
30151,ContentwiththeLordsPortion:O satisfy us early with thy mercy;that we may rejoice &amp; be glad all our days.Ps 90:14 gladness joy,joy,11.28
30152,@JamieNicks_ it makes complete sense and i'm elated to hear this :],joy,11.28
30153,@liamch88 yeah! :) playing well,joy,11.28
30154,@Olajide_Shutti lmaoo. It will be a joyful day.,joy,11.28
30155,Thank you @RachelPlatten for teaching me how to live again. It's been so long since &amp; this ride is about to be exhilarating. I just know it,joy,11.20
30156,Day 3 of harvest16 - listening to the sound of the chopper working it's way closer to home at @mountaindairy makes me happy. farm365,joy,11.20
30157,@dressenn @amerson6562 @RosaTrunk @iam_spl_ @michaelk487 @Silau25  GAðŸ™‹ Have a joyful day,joy,11.20
30158,Yo this 3 v 3 overtime in hockey got me sweaty damn this ish exhilarating,joy,11.20
30159,What an exhilarating last minute of overtime WCH2016,joy,11.20
30160,Day 9 and I am elated because I'm taking PTO tomorrow so I'm doneeeee. But:,joy,11.20
30161,"Ooh hygge, candles, jasmine tea &amp; GBBO",joy,11.20
30162,.@Travelanswerman: When U ride on a pile of salt life is extra sweet! Always salty always savory! surfing aloha smiling â€¦,joy,11.20
30163,It's a beautiful day today. Cloudy but sunny and breezy.,joy,11.13
30164,@jimadair3 Guitar shop owners everywhere rejoice,joy,11.07
30165,A joyous first webiversary/web mitzvah to Smithsonian's @WeiPoints!! @brianwolly @jackie_mansky @bethpylieberman @bilbo @mazeltov,joy,11.07
30166,@lennyabrahamson May I send you a copy of HeroTheGreyhound? Either e-book or real paper one! A boy and a greyhound smiles tears laughter,joy,11.07
30167,Look forward to the detours because they bring delightful surprises. lifequote,joy,11.07
30168,"@followAdamA looking back on recent tweets seen, this one right here is great perfect  Speechless deal",joy,11.07
30169,Getting cable hooked up in new place just in time for @NBCChicagoPD and @NBCChicagoMed premiers is like God smiling down on me. OneChicago,joy,11.07
30170,"@mediacrooks @thenewshour @LodhiMaleeha @ndtv @IndiaToday This is hilarious ! Not a Freudian slip, eh !",joy,11.07
30171,Watch this amazing live.ly broadcast by @izzybuzy365  musically,joy,11.07
30172,My siblings look all gangster &amp; I look all cheery ðŸ˜…ðŸ˜‚,joy,11.07
30173,@sidviyer uff!! Look at your Arsenal fans cheering for every goal against United. haha,joy,11.07
30174,"@HytheHighborne -Sylvia was elated to receive kisses from the little prince, her bright smile clear as she glanced to Garrett and Elyse- --",joy,11.07
30175,There is something v satisfying about  opening an old 'to do'.doc file and being able to check off all the things you have done smiling,joy,11.07
30176,"If you have the ability to make someone happy or to make someone smile, do it! The world needs more of that right about now. CreateLove â˜ºï¸",joy,11.00
30177,"@BlueJayHunter I'm fine on the near future, I just want to go to bed super elated and put together audio compilations of great moments.",joy,11.00
30178,Time to go hit up the library - I have a lovely PILE of book reservations to collect this morning... glee books reading,joy,11.00
30179,"if you ain't watching Sugarboy on Hulu, then you ain't shit. hilarious hahaha",joy,11.00
30180,@TampaBayRay I cried with laughter.,joy,11.00
30181,"I'm due for a big change! I've prayed on it, I think I deserve it positivity optimism",joy,11.00
30182,@R1Breakfast Totes had to re-listen to the endless hilarity that was Tom Odell's 'raaar' this morning ðŸ˜‚ðŸ˜‚ðŸ˜‚ @grimmers @fionaradio @TinaDaheley,joy,11.00
30183,"It's finally raining in Ashland, Oregon. We've been parched all summer &amp; fall. The plants &amp; people are rejoicing!",joy,11.00
30184,tfw you're en-route to your future :) !! @HUCJIR i'm coming for ya! openhouse futurecantor exhilarating NYCletsgo,joy,10.57
30185,@reinervshunter you got thisï’™ staystrong smile yourebeautiful,joy,10.56
30186,It's Thursday which means it's Grey's day TGIT,joy,10.56
30187,Watch this amazing live.ly broadcast by @brooke_bridges  musically,joy,10.55
30188,The current run of superman continues to be a delight! You can feel the love poured into it by everone on the creative team superman,joy,10.54
30189,I am always ready to smile.,joy,10.54
30190,"Riding at night has got to be one of the most exhilarating, refreshing things I have ever done.",joy,10.54
30191,"Lmboo , using my nephew for meme hilarious",joy,10.54
30192,@sszmata @PKessel81 Blew up the Internet with his chirp. Lol. Love it.,joy,10.46
30193,Thinking about trying some comedy on youtube. Always been fond of it. Time to nut up. laughter comedy maybeoneday hopefullyfunny LOL,joy,10.46
30194,"I like talking to someone who makes me laugh, laughter is the best medicine",joy,10.46
30195,"Lmboo , using my nephew for meme",joy,10.46
30196,"Loved @Bethenny independence msg on @WendyWilliams, be happy &amp; fulfilled within yourself &amp; positivity will flock to you happy independent",joy,10.46
30197,Watch this amazing live.ly broadcast by @katyy.mae lively musically,joy,10.46
30198,"personaldevelopment  Today is a gift, that's why it's called the present... happiness optimism entrepreneur personaldevelopment â€¦",joy,10.46
30199,Bunk ur classðŸ“š at least once in your life time cuz later when u look back good marks will not make u happy but memoriesðŸ˜Š will'    -APJ,joy,10.46
30200,"@Nikhilv95 @LydiajaneF I wish, I really, truly wish, that I had just a modicum of your banter. hilarious",joy,10.46
30201,Am I watching BacheloretteAU or Zoolander ? hilarious samvrhys,joy,10.46
30202,@scdesc Yup. And Val basically ignoring the recipe. I'm just done. I keep bursting into laughter x,joy,10.46
30203,"Be happy not because everything is good, but because you can see the good side of everything  optimism",joy,10.46
30204,the fact everyone is selling their kanye tickets or are buying them for less than $50 is unbelievably hilarious to me,joy,10.46
30205,@bradshawjp Sweet!,joy,10.46
30206,"He showed us a really lively performance, with a lot of different emotions, not just sticking to one. And that's freaking awesome.",joy,10.46
30207,@Nick_Offerman I'll be there!! Can't wait for all the mirth!,joy,10.46
30208,Icon is pochama. He is very cute and easily elated.,joy,10.40
30209,@crimpoop my adorable and cheerful daughter Always pouring positivity green goo on me dare hurt her and you'll see hell //growls  PandaBot,joy,10.40
30210,Remember: The life you have is a blessing for God. Make it a joyful experience regardless of the odds. GBY,joy,10.40
30211,@chrisrock brings back great memories of hilarity on SATURDAYNIGHTLIVE,joy,10.40
30212,The neighbor dancing in the Clayton Homes commercial is me. hilarious,joy,10.40
30213,All in all a pleasing night down The Lane .  .  .  On to the next round &amp; bring on Liverpool at Anfield! COYS,joy,10.25
30214,@AlbertBreer @jetswhispers Be sure and switch it over to cable news - cheery,joy,10.25
30215,"If you simply act out of kindness, strength, and optimism, today will be the best day ever! @Tarleton_KINE @DrKaylaPeak @jssimpson9",joy,10.25
30216,@beingbrilliant @johnmurrays you're welcome. It's genuinely made me give my head a wobble and realise what's important in life.  smiling,joy,10.25
30217,@liamch88 yeah! :) playing well optimism,joy,10.25
30218,Why have I only just started watching glee this week I am now addicted ðŸ™„ glee GLEEK,joy,10.25
30219,@RealKyper @NHL watching the jubilant scrum at the end of the day and remembering they're all still kids! priceless,joy,10.25
30220,chirp chirp! what a beautiful white and red bird! ðŸ¦,joy,10.25
30221,15 minutes of yoga to your breakfast routine will change your day preparation sunriseyoga bodyawareness health yoga smile stretch,joy,10.25
30222,@sydneyswans cheer cheer the red and white we are now off to grand final to win the fight. Thanks @JetstarAirways,joy,10.25
30223,"It's not that the man did not know how to juggle, he just didn't have the balls to do it.  funny pun lol  punny",joy,10.25
30224,Watch this amazing live.ly broadcast by @iamjustinburke lively musically,joy,10.25
30225,"@deadlyjokester *she let out a playful gasp and slowly wrapped her arms around his neck, kissing him back*",joy,10.20
30226,"The T.I / Shawty Lo beef is one of the more underrated ones in hip-hop history. Chock-full of wit, bravado and hilarity.",joy,10.20
30227,"Just popped a half bottle of 2014 @Bellawines sparkling gamaynoir from Westbank. Evenin', folks!  bcwinechat",joy,10.20
30228,Omg I'm outside making beats with garageband and some little birds  decided to chirp along ï¼ˆâ‰§âˆ‡â‰¦ï¼‰,joy,10.20
30229,Go follow me on Musically @budderlordk1ng I am making a lively. Come and join BFFing and Following ;) See you there!,joy,10.20
30230,@adamrodricks I like your optimism!,joy,10.20
30231,Ryan Gosling and Eva Mendes finally  ; B joyful an funny/dont boss/dont argue/do everything with kids/go on mini car trips/ focus on love,joy,10.20
30232,"God just replaced my sadness with laughter, can't go the whole day sad ...",joy,10.15
30233,A hearty welcome to those who followed me.,joy,10.15
30234,In ever use to like smiling until I realized how good my teeth look ... Witout the braces,joy,10.13
30235,@saraandgreg @Airbnb Another happy customer.  secreteyes,joy,10.11
30236,I just heard the most incredibly transcendent song ever &amp; now I feel high &amp; fucked up yet joyful &amp; I will never be the same,joy,10.07
30237,"Elinor,' she laughed so little known, all over every body at the brilliant cheerfulness of sweetmeats and a fashion.",joy,10.04
30238,Only Geo is capable of cheering me upâ¤ï¸â¤ï¸â¤ï¸,joy,10.04
30239,@MericanMainer AWW. I had a Maine Coon when I was little named Ted Eddy the Wonder Cat. They're such good cats! Very playful and sweet,joy,10.04
30240,Make someone happy ^_^,joy,10.04
30241,What if.... the Metro LRT went over the Walterdale?!?! ðŸ˜‚ yeg,joy,10.04
30242,Go follow beautiful Snowgang â™¥@Amynicolehill12 â™¥ Princess fitness bodyposi haircut smile Whitegirlwednesday,joy,10.04
30243,felt a bit shit getting a very high blood sugar then i remembered it's my first one above 15 this week which is incredible for me! happy,joy,10.04
30244,@TheeCurrentYear @Sargon_of_Akkad this is too much hilarity for one day,joy,10.04
30245,"Being a veteran just totally got me out of a ticket. I'm elated right now, close call.",joy,10.04
30246,*violently screams at the four winds* WE AINT EVER GETTING OLDER *cute jovial rhythm starts* *moves hips along and waves arms in the air*,joy,10.04
30247,"It's not that the man did not know how to juggle, he just didn't have the balls to do it.   funny pun punny lol",joy,10.04
30248,There is something v satisfying about  opening an old 'to do'.doc file and being able to check off all the things you have done,joy,10.02
30249,Rojo is so bad it's hilarious.,joy,10.00
30250,"I'm due for a big change! I've prayed on it, I think I deserve it positivity",joy,10.00
30251,Watch this amazing live.ly broadcast by @kaylaaa_sartorious lively musically,joy,10.00
30252,".@Harry_Styles I hope you never go a day without something to make you smile. You deserve all good things. Please follow me? â¤ï¸ðŸ’›ðŸ’šðŸ’™ðŸ’œ 311,553",joy,10.00
30253,@_stfukohle it's ok champ you'll make it I'm cheering you on from a far,joy,10.00
30254,Rojo is hilarious,joy,10.00
30255,I'm so playful. lol I need somebody that'll joke with me all day long cause ill never get tired of it.,joy,10.00
30256,@LFScott57 Miss Cookie sends her thanks! She's not as spry as she used to be - like me! She doesn't have the adventures the young pups do!,joy,10.00
30257,It's better to be wetter than it is dry' - @RLevin91 certainly found that hilarious GBBO,joy,10.00
30258,"It's not that the man did not know how to juggle, he just didn't have the balls to do it.  funny pun punny  lol",joy,9.56
30259,"Ooh hygge, candles, jasmine tea &amp; GBBO happy",joy,9.53
30260,"@my2k aaa Cam animated that, so proud of our boy",joy,9.43
30261,@safaridjh but it's so aesthetically pleasing omg,joy,9.43
30262,"Followback Quote_Soup: Be happy not because everything is good, but because you can see the good side of everything.",joy,9.43
30263,Peter is aesthetically pleasing to look at,joy,9.43
30264,"Loved @Bethenny independence msg on @WendyWilliams, be happy &amp; fulfilled within yourself &amp; positivity will flock to you  independent",joy,9.43
30265,I thought I got mad for anything but my bf gets mad over any little thing lmfao shit be hilarious,joy,9.43
30266,@KWAYNTjoia it's exhilarating,joy,9.43
30267,So happy my next class is canceled bc..im od tired ðŸ˜­,joy,9.43
30268,Optimism leads to success. - Bill Kerr @Coach__Kerr success  goals,joy,9.43
30269,It's meant to be!!,joy,9.43
30270,smile is the respect we give everyone.,joy,9.43
30271,Not untill today has anyone ever said to me they remember what I had on over 7 years ago when they met me n liked me since cutealert happy,joy,9.40
30272,The object of literature is to make man a wiser and happier being. The poet makes us happy because he tells us how we may become so.,joy,9.40
30273,Watching Avatar and wondering why I took so long to watch this *collapses in a joyous heap*,joy,9.40
30274,@DuncM1981 @pmallon72 At the risk of being blocked I thought that video from the wake was hilarious.,joy,9.40
30275,I want the smoky clouds of laughter to swim about you forever more..,joy,9.40
30276,I'm a cheery ghost.,joy,9.40
30277,Watch this amazing live.ly broadcast by @elise_awsome_11 lively musically,joy,9.40
30278,Watch this amazing live.ly broadcast by @footballrocks123456 lively musically,joy,9.40
30279,Watch this amazing live.ly broadcast by @maisiev  musically,joy,9.38
30280,"@AJStylesOrg I know they have you a scripted ego maniac but, I was so elated to hear that you are a devout Christian like myself. Phenomanal",joy,9.37
30281,"@alyankovic I really wish I could attend the show at RCMH. I'm there in spirit, cheering you and the dudes on! :)",joy,9.37
30282,@Dubai92 try asking for a cheeseburger with only onion &amp; mustard at any McDonalds hilarious,joy,9.27
30283,Accept the challenges so that you can feel the exhilaration of victory. FocusX10 motivation motivationalquotes quoteoftheday,joy,9.22
30284,Watch this amazing live.ly broadcast by @flydudern  musically,joy,9.22
30285,"You know what's great about GBBO ? Contestants helping each other, cheering each other on. So important.",joy,9.22
30286,Accept the challenges so that you can feel the exhilaration of victory.,joy,9.22
30287,@kymwhitley hello Miss Lady I'm sure today brings you happiness and laughter use your voice also to make us laugh  god knows we need it,joy,9.22
30288,Thank you @twitter for the balloons today.  goodday 48,joy,9.22
30289,"@LoisJoanneLane Wagging his tail at the praise, he paused, tilting his head as she took the frisbee from him, letting out a playful -",joy,9.22
30290,Kayaking is merriment together with sevylor inflatable kayaks: eYGgJxMl,joy,9.22
30291,"Knowing how to cook is invaluable, what's even better is that even in a 400 sq ft place, I have wide and hearty homestyle egg noodles.",joy,9.22
30292,Watch this amazing live.ly broadcast by @footballrocks123456  musically,joy,9.22
30293,Do what makes you successful and happy now and forever,joy,9.22
30294,I love Mary's undying optimism. You could present her with dog shite and she'd find something good to say. GBBO,joy,9.22
30295,Use your smile to change the world. Don't let the world change your smile.' quote actorslife smile love hardworkpaysoff fun,joy,9.22
30296,smile every morning to a positive head start with your clients relations,joy,9.22
30297,@MoAmali @awosss @Arsenalman2011 listen I dn't subscribe to this team coq Team xhaka stuff. I like all our players. Depth has me elated,joy,9.22
30298,Watch this amazing live.ly broadcast by @hannah..mccloud lively musically,joy,9.22
30299,"And the weather so breezy, man why can't life always be this easy",joy,9.22
30300,"Of cheerfulness, or a good temper - the more it is spent, the more of it remains.",joy,9.20
30301,Watch this amazing live.ly broadcast by @mrgummyking lively musically,joy,9.20
30302,Watch this amazing live.ly broadcast by @rosannahill lively musically,joy,9.20
30303,Rec'd call 2day from Haitian church we started in Florida some 15yrs ago. Preparing to acquire their own bldg. Wanted me to know. rejoicing,joy,9.20
30304,"There's a specific joyous 20 song title engiybhekayo, yasezayoni. Need it for le mood",joy,9.20
30305,promise of restoration to the nation of israel...'everywhere you look blessing '..barns/wine overflow.Everything beautiful  do_u_see,joy,9.20
30306,Look forward to the detours because they bring delightful surprises. lifequote delight,joy,9.20
30307,Watch this amazing live.ly broadcast by @paulzimmer lively musically,joy,9.20
30308,talk about a mood pickup i went from depressed to elated so fast,joy,9.20
30309,Finn singing 'Can't Fight This Feeling' in the shower and Will spying on him is one of the best scenes on any show.,joy,9.20
30310,@NHLstoreNYC I'm cheering for @TeamNA_WCH and @TeamEUR_WCH NHLNYCSweepstakes,joy,9.20
30311,Watch this amazing live.ly broadcast by @evanhufferd lively musically,joy,9.20
30312,@bradshawjp Sweet! optimism,joy,9.20
30313,Finn singing 'Can't Fight This Feeling' in the shower and Will spying on him is one of the best scenes on any show. glee,joy,9.20
30314,tfw you're en-route to your future :) !! @HUCJIR i'm coming for ya! openhouse futurecantor  NYCletsgo,joy,9.20
30315,It's Thursday which means it's Grey's day TGIT rejoice,joy,9.20
30316,Watch this amazing live.ly broadcast by @kana_blender  musically,joy,9.18
30317,@ofc_ALDUBQC Glad you gained some cheery vibes just by looking at our Happy Meal! ðŸ˜Š,joy,9.18
30318,I found marmite in Australia. `:),joy,9.18
30319,Watch this amazing live.ly broadcast by @huntermcaseyy  musically,joy,9.18
30320,"@5ftanomaly aside from that i'm all about pleasing the individual that i'm involved with, my pleasure comes from their pleasure.",joy,9.18
30321,mustache_harbor: TiburonChamber plus a hearty pour of yachtrock by mustacheharbor !,joy,9.10
30322,@jaime_scurr: any team in the world would be totally elated to get to have you on it XD,joy,9.07
30323,Tonight my top delight was a Skein of Geese flying about 1 foot above me as I swam in Windermere. Breeze dropped &amp; it became like glass.,joy,9.04
30324,"â€” to reveal a broad smile.   'Yeah, it's nice.'   Pursing his lips, he stifled his joyous expression in order â€”  [@AVIATAUBE].",joy,9.02
30325,theÂ LordÂ turn his face toward you and give you peace. Numbers 6:26 truth trust promise calm justice great mighty protected delight,joy,9.02
30326,Watch this amazing live.ly broadcast by @its.finfin lively musically,joy,9.02
30327,Watch this amazing live.ly broadcast by @iamjustinburke  musically,joy,9.02
30328,@Rbrutti what a happy looking couple !,joy,9.02
30329,Punchline king is back! @Paedeezy ðŸ”¥ðŸ”¥ðŸ”¥ðŸ”¥ðŸ”¥ðŸ”¥ðŸ”¥ðŸ’¯ðŸ’¯ðŸ’¯ bright city lights,joy,9.02
30330,@lawson__lynch my kinda girl pleasing the dick rightðŸ˜ðŸ˜,joy,9.02
30331,Catering channel's at the height technics hearty enjoyment symptomatize: vrlfEyrN,joy,9.02
30332,Watch this amazing live.ly broadcast by @maisiev lively musically,joy,9.02
30333,"her fingers slide along your thighs, caressing the skin before she's leaning down, down, down and the first lick is teasing n playful.",joy,9.00
30334,@doctorofinfo I was just introducing a little levity to the convo. Yep!,joy,9.00
30335,@INCIndia Oh please! INC talking about looting! I'm not saying BJP is pure but this is such a hilarious irony! @BJP4India is def better!,joy,9.00
30336,For a moment I found myself smiling,joy,9.00
30337,@globemartyk 'drunken patroons' make this whole situation much more jovial though.,joy,9.00
30338,Watch this amazing live.ly broadcast by @flydudern lively musically,joy,8.58
30339,"@PersephoneOD Her cheerful voice echoed through the grand, familiar home, a smile blossoming on my rosy brims, 'Mom.' I reciprocated the --",joy,8.57
30340,"Just watched Django Unchained, Other people may frown, but I titter in delight! 2/5",joy,8.56
30341,My future must be bright af.,joy,8.56
30342,"She gave a playful wink, taking the goggles off her head, swinging them around her finger. 'I would never~' @VerminEngineer",joy,8.54
30343,Watch this amazing live.ly broadcast by @elise_awsome_11  musically,joy,8.53
30344,Live simply. Dream big. Be grateful. Give love. Laugh lots. - Unknown quote inspiration,joy,8.42
30345,"On the bright side, my music theory teacher just pocket dabbed and said, 'I know what's hip.' And walked away ðŸ˜‚ðŸ˜­",joy,8.41
30346,Watch this amazing live.ly broadcast by @paulzimmer  musically,joy,8.41
30347,"@yoursecretsub1 Trust me dear, if you want to make anything invisible, hang a wet paint on it, and hilarity will ensue.",joy,8.41
30348,Watch this amazing live.ly broadcast by @swagrman_fan  musically,joy,8.41
30349,"Vacation wise, Egypt offers great places, amazing scenery, bright skies and good weather at a very good and affordable price for students.",joy,8.41
30350,Gotta hit up breezy every day to make sure he's breaking in my boots. First class friend right there,joy,8.41
30351,Watch this amazing live.ly broadcast by @kaylaaa_sartorious  musically,joy,8.41
30352,15 minutes of yoga to your breakfast routine will change your day preparation sunriseyoga bodyawareness health yoga  stretch,joy,8.41
30353,Watch this amazing live.ly broadcast by @jaredhorgan  musically,joy,8.41
30354,"Quote_Soup: Be happy not because everything is good, but because you can see the good side of everything. optimism",joy,8.41
30355,Every single problem we ever face can be solved with a nice blend patience and optimism,joy,8.41
30356,Transitioning to a new job is hard when you have nothing but joyful memories of the previous one. Thanks @LifeTeen for changing my life! â¤ï¸,joy,8.41
30357,"Accept the challenges, So that you may feel the exhilaration of victory.  TOMIHO IpaglabanMo TapingDay2",joy,8.41
30358,@BattleSmitten   other begin telling a 'story' he realized that she was making an attempt at cheering him up. It was sweet of her and so âž¤,joy,8.41
30359,Time to go hit up the library - I have a lovely PILE of book reservations to collect this morning...  books reading,joy,8.41
30360,Not untill today has anyone ever said to me they remember what I had on over 7 years ago when they met me n liked me since cutealert,joy,8.41
30361,It is no coincidence that Lacan recorded infants' jubilant reactions to their mirror images in the noise.,joy,8.40
30362,"Be happy. Be who you want to be. If others don't like it, then let them be. Happiness is a choice. Life isn't about pleasing everybody....",joy,8.40
30363,Accept the challenges so that you can feel the exhilaration of victory!!,joy,8.40
30364,"Another joyful encounter in Tribez &amp; Castlez! I just met Mouchole, Ogre Cook! Do you want to know who that is? Download the game and find...",joy,8.40
30365,@bodwell_james did it not just enliven your soul,joy,8.40
30366,A 'non-permissive environment' is also called a 'battleground' - MilSpeak hilarious,joy,8.40
30367,"@samvirwin fancy! I have some of those and I have never put them up, I should do that. Also, I vote jaunty angles then no one will judge",joy,8.40
30368,@sportinglifecan I keep a down vest or sweater in my pack year round! Helps on chilly mornings or breezy mountain tops! mysportinglife,joy,8.40
30369,@BertGatti not had much to cheer about you see ðŸ˜œðŸ˜‚ðŸ˜‚,joy,8.40
30370,Watch this amazing live.ly broadcast by @haythatjamile8  musically,joy,8.39
30371,"It's not that the man did not know how to juggle, he just didn't have the balls to do it.  funny pun punny lol hilarious",joy,8.39
30372,@kevinmenzel annual reminder that i don't care and will cheerfully eat anything so labeled,joy,8.39
30373,Watch this amazing live.ly broadcast by @huntermcaseyy lively musically,joy,8.39
30374,"@gypsydragoness wrinkling up. 'Well now, looks here like your name starts with the letter G, eh?' The man smiled up and gave a hearty +",joy,8.39
30375,Watch this amazing live.ly broadcast by @izzybuzy365 lively musically,joy,8.30
30376,@__PeterPanda yes bro it's actually breezy,joy,8.29
30377,- the joyous occasion of laughing at the ostentatious display of disrespect. Bruce just scoffed at the entire scene. This wasn't Batmanâ€™s -,joy,8.20
30378,@RobRiggle @joelmchale @NFLonFOX I still can't get jimmy garoppolo out of my head and it's been almost 3 weeks. Thanks a lot!,joy,8.20
30379,@ardit_haliti I'm so gutted. I loved her cheery disposition.,joy,8.20
30380,When you're prof suggest @Pharrell and William James may be unlikely dialogue partners and then plays the happy video WeAreCST,joy,8.20
30381,"The return of Matt Damon, and of director Paul Greengrass, brings back all the exhilarating if rather po-faced entertainment to a movie",joy,8.20
30382,Thinking about trying some comedy on youtube. Always been fond of it. Time to nut up.  comedy maybeoneday hopefullyfunny LOL,joy,8.20
30383,"@ClaireBlair27 See, that's how you and Michelle are so cheery!",joy,8.20
30384,Watch this amazing live.ly broadcast by @brooke_bridges lively musically,joy,8.20
30385,LMFAO @MSNBC 's racepimp Tamron Hall used the words 'fscts' and 'MSNBC' in the same sentence hilarity libtard biasedmedia neverHillary,joy,8.20
30386,Accept the challenges so that you can feel the exhilaration of victory.' - George S. Patton,joy,8.20
30387,promise of restoration to the nation of israel...'everywhere you look blessing '..barns/wine overflow.Everything beautiful joyful do_u_see,joy,8.20
30388,@biggerthanyuu He's flushed upon hearing the feeling is reciprocated. He's elated to shove himself right into his arms and hug him tightly.+,joy,8.20
30389,Why have I only just started watching glee this week I am now addicted ðŸ™„  GLEEK,joy,8.20
30390,I aspire to have Val's self confidence and optimism tbh ðŸ‘ðŸ’– GBBO,joy,8.20
30391,"I can not depict what I feel right now.. I feel jubilant yet anxious, or..dunno. It seems like now I'm having something worth wait everyday.",joy,8.20
30392,"@bijayjanand It's not just a treat for viewers to watch u as janak, it's simply a treat for our soul, mind, thoughts. hearty respect ðŸ™ðŸ™",joy,8.20
30393,Just now we were rejoicing that we finally won a match the draw just revealed that we are facing city next. This life sef,joy,8.20
30394,@AimiSyafiqahR go check up with your bf. He'll give u strength with just one smile. TOPno1,joy,8.20
30395,"Charlotte and a friend just climbed to the top of a windmill! Think the view was easy, breezy, beautiful? @PlayHollywoodU",joy,8.20
30396,Omg. You've got to watch the new series 'This is Us'.....wow. Best tv show I've seen in a long time.  tears  moretears,joy,8.20
30397,Watch this amazing live.ly broadcast by @katyy.mae  musically,joy,8.20
30398,Watch this amazing live.ly broadcast by @hannah..mccloud  musically,joy,8.20
30399,What if.... the Metro LRT went over the Walterdale?!?! ðŸ˜‚ yeg levity,joy,8.20
30400,@DailyMailCeleb @KTHopkins Katie I love how you describe yourself as 'normal'. Really you're anything but! hilarious neverchange,joy,8.20
30401,Watch this amazing live.ly broadcast by @kana_blender lively musically,joy,8.20
30402,@TiburonChamber plus a hearty pour of yachtrock by mustacheharbor !,joy,8.20
30403,@u4uzoma Boss I see you as someone that is jovial and funny. Tho av not met u in person.,joy,8.20
30404,"@carysmithwriter @Maria_Savva @RealRockAndRoll We're the least known band in the World, but so glad you asked muchlove",joy,8.20
30405,Talking about our Problems is our greatest AddictionBreak the habitTalk about ur Joysquote  problemsolving behappy,joy,8.14
30406,"@nw_autonate   *She held the back of his skull, smiling into the kiss.*",joy,8.03
30407,Watch this amazing live.ly broadcast by @ittzdevin  musically,joy,8.03
30408,Watch this amazing live.ly broadcast by @__.mila.__ lively musically,joy,8.02
30409,Watch this amazing live.ly broadcast by @swagrman_fan lively musically,joy,8.01
30410,ukedchat A4 Just go outside (or to the gym hall) and play!  education playful learning,joy,8.01
30411,it was both lively &amp; lovely @crumblepie15 @buryprofs @DittoBistro BuffnPolish,joy,8.00
30412,@jessbr0ughton don't be shy next time! We're a cheery bunch. :)   Sam. X,joy,8.00
30413,"To insure good health: Eat lightly, breathe deeply, live moderately, cultivate cheerfulness, and maintain an interest in life.",joy,8.00
30414,"@Chr1sMcLaughlin he's brilliant, lost the joyous plot with us that year. Admits being a fan now after that.",joy,8.00
30415,It has been medically proven that laughter is an effective pain killer.,joy,8.00
30416,@ashleynwinters I don't like the statement but I love the optimism,joy,8.00
30417,I've got some new pens to break in. Name an animated series and I'll draw you in that style ðŸ–,joy,8.00
30418,felt a bit shit getting a very high blood sugar then i remembered it's my first one above 15 this week which is incredible for me!,joy,8.00
30419,@UKLittleKitchen Defo a hearty root veg gratin. Nice comfort food as Autumn kicks in,joy,8.00
30420,@Corsair those sparkling looks like a gay vampire ðŸ˜,joy,8.00
30421,"Yahweh your God is among you, a warrior who saves. He will rejoice over you with gladness.",joy,8.00
30422,Watch this amazing live.ly broadcast by @jaredhorgan lively musically,joy,8.00
30423,Always doing the EmotionalHedgeâ„¢ w WPS  I'm elated about start.  Have I mentioned I'm on TAMU -6?!,joy,8.00
30424,Watch this amazing live.ly broadcast by @thebrandonrobert  musically,joy,8.00
30425,Watch this amazing live.ly broadcast by @broitzmax lively musically,joy,8.00
30426,Relive Vegas' heyday with Rat Pack tribute,joy,8.00
30427,I wish there was a glee version of @ShawnMendes Stitches. @GLEEonFOX gleekforever,joy,8.00
30428,i fix a clever ritual to make you feel frolicsome,joy,8.00
30429,Panda eyed jaunty after watching jaws until late!,joy,8.00
30430,Watch this amazing live.ly broadcast by @broitzmax  musically,joy,8.00
30431,A cheerful heart is an unending banquet.-Â Proverbs (Mishle) 15:16,joy,8.00
30432,"Anyone know how the Mariners did today? The mood here seems strangely jubilant! As Meatloaf says, 2 out of 3 ain't bad, unless you win one!",joy,8.00
30433,@DailyMailCeleb @KTHopkins Katie I love how you describe yourself as 'normal'. Really you're anything but!  neverchange,joy,7.59
30434,My friend just messaged me 'ugh I'm so hungry I can't wait for breakfast' socialmedia WineWednesday  funny laughing,joy,7.59
30435,"Quote_Soup: Be happy not because everything is good, but because you can see the good side of everything.",joy,7.59
30436,"repentance, and trusting in Christ. It is lowly and painful, but it is also joyous, peaceful, and absolutely glorious. (2/2)",joy,7.59
30437,Watch this amazing live.ly broadcast by @brooks_swaggysquad lively musically,joy,7.59
30438,@AQpk which was worse than expected and hilarious too. no one will even remember.,joy,7.59
30439,Watch this amazing live.ly broadcast by @matt.boss lively musicallyjh,joy,7.59
30440,Queen Bey will be smiling over sixth this afternoon,joy,7.59
30441,"@carysmithwriter @Maria_Savva @RealRockAndRoll We're the least known band in the World, but so glad you asked muchlove hilarious",joy,7.59
30442,@RapeseedOilFans  Who nose where those scent roses went To a spot in the Orient Mummified In rapeseed oil fried Eating drinking &amp; merriment.,joy,7.59
30443,"When something makes you excited, terrified, thrilled, nervous, elated &amp; like you've been kicked in the guts all at once. Need word for that",joy,7.59
30444,"@Nekudere oh ok, yeah I felt dumb like I think I would have known if it was animated at least lmao",joy,7.59
30445,@LoriAlan1 Seriously. Digging those eyebrows.,joy,7.59
30446,@FullTimeDEVILS Memphis looking bright. Rojo looking like Rojo.,joy,7.53
30447,@ESPNLosAngeles best segment so far by @marcelluswiley @Kdubblive  hilarity,joy,7.48
30448,Taguchi engineering fashionable hale and hearty little game optimization: MqnAOcU,joy,7.42
30449,Watch this amazing live.ly broadcast by @arbitraryvlog  musically,joy,7.42
30450,"Update: I have yet to hang out with @MisElizaJane, but I'm still hopeful! optimism",joy,7.42
30451,@aradsliff don't know I'm from nj we are the worst on purpose. laughter,joy,7.42
30452,*ZETH voice*: Hit The Target   (holds up upside down cheering towel),joy,7.42
30453,Benefit out exhilaration called online backing off: JkUVmvQXY,joy,7.42
30454,Optimism leads to success. - Bill Kerr @Coach__Kerr success optimism goals,joy,7.40
30455,"@AphoticSanguine â€”but be a little playful.   He hesitantly pulls away, just enough so he could get words out, lips brushing againstâ€”",joy,7.40
30456,"â€œWhen we give cheerfully and accept gratefully, everyone is blessed.â€â€•Maya Angelou",joy,7.40
30457,@LoriAlan1 Seriously. Digging those eyebrows. animated,joy,7.40
30458,me taking a picture by myself: *awkward smile* me on picture day: *awkward smile* conclusion: stop smiling ;'(  pictureday2016  ornot,joy,7.40
30459,"Followback Quote_Soup: Be happy not because everything is good, but because you can see the good side of everything. optimism",joy,7.40
30460,Watch this amazing live.ly broadcast by @rosannahill  musically,joy,7.39
30461,I assume that people pick up on my joviality coz I lol a lot but it's just not working. Maybe I need to get heavy handed with emoticons? Ha,joy,7.38
30462,Your lion's heart Will protect you under stormy skies And I will always be listening for your laughter and your tears,joy,7.38
30463,@LPDonovan this is why I think his pre prepped debate answers have the potential for hilarity,joy,7.38
30464,Watch this amazing live.ly broadcast by @__.mila.__  musically,joy,7.38
30465,Watch this amazing live.ly broadcast by @mrgummyking  musically,joy,7.38
30466,"To all who follow me, whether we've ever talked or not hope you have a joyous life. Goodbye.",joy,7.38
30467,"Whether you are rejoicing or fighting back tears, God wants to share the moment with you.",joy,7.38
30468,Watch this amazing live.ly broadcast by @thebrandonrobert lively musically,joy,7.38
30469,Watch this amazing live.ly broadcast by @its.finfin  musically,joy,7.38
30470,@thetwattickla @NottRihanna lol no it's sparkling wine,joy,7.38
30471,@DipstickDipper  'It's alright!' She said cheerfully trying to make the moment fun,joy,7.38
30472,@rosyIipH glee glee glee glee gLEE GLEE i LOST LOST LOST lowe much,joy,7.38
30473,Watch this amazing live.ly broadcast by @evanhufferd  musically,joy,7.32
30474,Watch this amazing live.ly broadcast by @ittzdevin lively musically,joy,7.29
30475,And you as well! sparkling @cherebork @MelissaJoyRD @SarahKoszykRD @eat4performance @rustnutrition @jenhaugen,joy,7.24
30476,A cheerful sloth annotated old books about a very good man then the gods ended evil.,joy,7.22
30477,"@chenaidavid easy, breezy, beautiful rasta mon",joy,7.20
30478,Accept the challenges so that you can feel the exhilaration of victory. -George S. Patton,joy,7.20
30479,"When we give cheerfully and accept gratefully, everyone is blessed. Â»Maya Angelou  @DrMayaAngelou RIP MayaAngelou",joy,7.20
30480,"The human race has one really effective weapon, and that is laughter. -- Mark Twain",joy,7.20
30481,"@IndieWire @cinemaeyehonors WaltzWithBashir was incredible, tho I think it's more of an animated film than documentary about Lebanon war",joy,7.20
30482,A good thing about being sick is that coughing is like an ab workout. Maybe my abs will be more defined by the time I'm better ðŸ˜‚ðŸ˜…,joy,7.20
30483,@OilersFanSean yup I feel dirty cheering,joy,7.20
30484,Possible magazines over against put with versus thy joviality conjunction shower quotient sufficiently: BQAvtja,joy,7.20
30485,"Just like there is a right way to pray, there is a right way to give - not grudgingly or of necessity, but cheerfully. woficc",joy,7.20
30486,"@JoshuaLenon I trust you know that I appreciate your willingness to explain the details, and my attempt at levity is just that. @bobambrogi",joy,7.20
30487,Check out this film Robocoq 301 animated shortfilms,joy,7.20
30488,A good thing about being sick is that coughing is like an ab workout. Maybe my abs will be more defined by the time I'm better ðŸ˜‚ðŸ˜… optimism,joy,7.18
30489,i'm doing laundry and watching that 70's show with a bunch of strangers. happy birthday to me,joy,7.18
30490,The neighbor dancing in the Clayton Homes commercial is me.,joy,7.18
30491,"@DKTaylorWriter I thought that was funny, too. But maybe not such a coincidence. Green must be the official color of optimism.",joy,7.18
30492,It breaks my heart seeing people down or upset.. I will try my best to make them smile or cheer them up ðŸ¤—,joy,7.18
30493,@buzzlightbeard2 If you don't love yourself... Honesty is the best policy smile,joy,7.18
30494,@philjame5 @spoke_bros wow! that looks bright,joy,7.18
30495,"So is cheerfulness, or a good temper, the more it is spent, the more remains. Ralph Waldo Emerson",joy,7.18
30496,@smoothkobra after such a heavy 2 days this has given much needed levity. Thanks bro,joy,7.18
30497,Never make a decision when you're angry and never make a promise when you're happy. wisewords,joy,7.18
30498,Evening all. Don't forget it's RobinHoodHour TONIGHT ðŸ¹   bizitalk bizhour southyorkshire MansfieldHour  sheffieldHour NottsHour,joy,7.18
30499,A decent sleep makes Kurt a happy soldier. Spit &amp; polish the converse men. chests out and baseball caps at a jaunty angle.,joy,7.18
30500,I rejoice in following your statutes as one rejoices in great riches. -Psalm 119:14 TheBible,joy,7.14
30501,"â€œDonâ€™t burn out; keep yourselves fueled and aflame. Be alert servants of the Master, cheerfully expectant.' Romans 12:11-12",joy,7.13
30502,i'm doing laundry and watching that 70's show with a bunch of strangers.  birthday to me,joy,7.00
30503,"I think what 2016 to really needs to round it out is a @cthulhu4america vs @smod2016 twitter debate. End on something joyful, ya know?.",joy,7.00
30504,"I saw her, whose countenance expressed a mighty rivers were monotonous, and her lively conversation took care of the various",joy,7.00
30505,I'm really hitting all flavors of my sparkling water rap. But you know what's tripping me out? These half French and Spanish flavors.,joy,7.00
30506,Twitter is a font of endless hilarity.,joy,7.00
30507,@tunaeP_ cheer upâ˜ºï¸,joy,7.00
30508,He maketh the barren woman to keep house &amp; to be a joyful mother of children Praise ye the Lord Psa113:9,joy,7.00
30509,Watch this amazing live.ly broadcast by @arbitraryvlog lively musically,joy,6.57
30510,@PeanutRD @MelissaJoyRD @SarahKoszykRD @eat4performance @rustnutrition @jenhaugen  hey sparkling is the word I just picked 4 my biz card,joy,6.57
30511,"@doubtcaspar babe :(( remember I'm ALWAYS here if u need a little cheering up or talk, ily lotsðŸ’˜",joy,6.57
30512,@Hank_nsno @RonaldKoeman cheering and clapping I assume,joy,6.57
30513,Decide to stop being afraid. To just stop. What are you now free to do?  brave free honest healthy happy life living optimism love,joy,6.57
30514,"Arts create richness &amp; liveliness in our society, continues through educational &amp; social benefits, and only ends with the economic",joy,6.57
30515,"Hey u never know, Channel 4's version of GBBO might actually be quite good. A few adverts aren't the end of the world.",joy,6.57
30516,@melsey6 oh good girl hope she is cheerful,joy,6.57
30517,Not my fault if I'm more observant than you thought of me to be ! ðŸ˜œ I'm not sorry ðŸ˜ wisdom laughter observingyou allthetime becareful ðŸ˜Ž,joy,6.57
30518,Top seed Johnson chases double delight at Tour Championship,joy,6.57
30519,"incetown, age 23, joyful, elevated in hope with the",joy,6.57
30520,@88Palouseriver @ABC @NRA I rejoice everything time some moron is taken out of the genetics pool.,joy,6.57
30521,@delon03 can you at least just walk past her and break out into laughter,joy,6.57
30522,Day 3 of harvest16 - listening to the sound of the chopper working it's way closer to home at @mountaindairy makes me . farm365,joy,6.57
30523,I might not pay for my own health insurance but I do like sparkling water and Brussels sprouts now so I think I'm an adult,joy,6.57
30524,@CazuaL_WeaR @ScottInSC looks like a book shaped like a gun to me optimism itsagunalright,joy,6.48
30525,I am always ready to .,joy,6.47
30526,"The point of living, and being an optimist, is to be foolish enough to believe the best is yet to come' - Peter Ustinov  quote",joy,6.47
30527,Intermit animated^%%%ncaa pittsburgh vs mississippi sprightly shiny bbva level peg varsity football telly scra...,joy,6.46
30528,"Turkish exhilaration: for a 30% shade off irruptive russian visitors this twelvemonth, gobbler is nephalism so...",joy,6.44
30529,ThisIsUs has messed with my mind &amp; now I'm anticipating the next episode with apprehension &amp; delight! isthereahelplineforthis,joy,6.44
30530,Now I'm back at @wxpnfm and am elated to record @mannequinpussy fucking shit up in our studio this evening.,joy,6.44
30531,The Quarterback' wrecks me every time.. glee,joy,6.40
30532,"A cheerful heart is good medicine, but a crushed spirit dries up the bones. A wicked man accepts a bribe in secret to pervert  justice.",joy,6.40
30533,Watch this amazing live.ly broadcast by @matt.boss  musicallyjh,joy,6.40
30534,"A cheerful heart is good medicine, but a crushed spirit dries up the bones -Proverbs 17:22-",joy,6.40
30535,@TheNotoriousMMA looking like @MIckeyRourkeFP in his heyday,joy,6.40
30536,I see I'll be hovering over the block button today with much glee.,joy,6.40
30537,Am I watching BacheloretteAU or Zoolander ?  samvrhys,joy,6.40
30538,i started glee from the beginning n i'm crying they were such babies i love my children,joy,6.40
30539,Decide to stop being afraid. To just stop. What are you now free to do?   brave free honest healthy  life living  love,joy,6.40
30540,ThisIsUs has messed with my mind &amp; now I'm anticipating the next episode with apprehension &amp; ! isthereahelplineforthis,joy,6.40
30541,You have to find a way to top yourself. glee,joy,6.36
30542,"You know, you're pro-actively playful. You want to press your boobs into my face, Tatenashi. I'm not saying no, though. =3",joy,6.36
30543,lol! no mention of pak PM or even his speech on any international news channel and pakis are rejoicing as if the world stands with them,joy,6.36
30544,@veggiesausage that happens...u will be ok tomorrow cheer it up..Don't give up no no noðŸ˜ðŸ˜ðŸ˜,joy,6.36
30545,"Update: I have yet to hang out with @MisElizaJane, but I'm still hopeful!",joy,6.36
30546,â€œThe essential Saltes of Animals may be Arkhamâ€™s large outfit from any effects he I rejoice that you continue in ye,joy,6.36
30547,@warmneutrals 'passenger in car next to u cheerfully asks for a cigarette and then directions',joy,6.36
30548,"@EtherealMystic_ - felt like he couldn't control â€” and here she was, giving so much of herself, selflessly pleasing him. His groans were -",joy,6.36
30549,@TChudhry @fasiranjha lol @ ur caste. even if the whole village dies.. a massali like you cant be a chaudhry:) so cheer up massali :),joy,6.36
30550,will i ever get the nerve to quit the restaurant ??? find out tonite on glee!,joy,6.36
30551,"RIP30 Heaven is rejoicing because they've gained an angel, the Keifer family are in my prayers ðŸ’™ðŸ™",joy,6.36
30552,@DanLanthier That was exhilarating hockey. They're still out if Russia wins in regulation I'm reading. fuck,joy,6.36
30553,"My boss likes to stand in my office &amp; smile at me like a shark: maliciously gleeful, and ask me how am I as if I have a secret to tell her.",joy,6.36
30554,Cross Party Group on Crofting meeting tonight in @ScotParl. Suspect it's going to be a lively meeting....,joy,6.36
30555,Watch this amazing live.ly broadcast by @brooks_swaggysquad  musically,joy,6.36
30556,Riggs dumb ass hell lolol  LethalWeapon,joy,6.36
30557,@footballmcd agreed. Memphis looks lively also,joy,6.35
30558,Hey NASCAR fans. Are you going to the race in Loudon this weekend?  Why not stop by New Day Diner for a great hearty breakfast before you go,joy,6.25
30559,"Had a coworker look at her phone and say, cheerfully, 'oh look, Kap's getting death threats now.' ðŸ™„. Then she goes to say the 49ers are",joy,6.25
30560,"Hey u never know, Channel 4's version of GBBO might actually be quite good. A few adverts aren't the end of the world. optimism",joy,6.24
30561,the prospect of getting choked out by a hot daddy tonight is sorta cheering me up but I also kinda just wanna watch the new AHS episode lol,joy,6.23
30562,â€œSet a goal to achieve something that's so big so exhilarating that excites you &amp; scares you at the same time.â€  â€• BobProctor,joy,6.23
30563,@zinabukvic_ cheer up,joy,6.20
30564,"My two older boys were elated, my toddler was terrified. I have pics of his poor little face peeping through the hole in the basket.",joy,6.20
30565,@SoCalValerie this one was Apples attempt to make muslims happy ðŸ•‹,joy,6.20
30566,Tom Phillips being all jovial at the start of this week's show when Joe is strutting out after that video package is quite the juxtaposition,joy,6.20
30567,Bring back the heyday NominateBunkface,joy,6.20
30568,"At the regular cheerfulness of any emotion, her own supper, and to give the ladies were soon as they have been entirely at",joy,6.20
30569,Blake lively is flawless,joy,6.20
30570,"every time a new Anthony Weiner revelation breaks, Bill Clinton says a prayer of thanks that texting/DMing didn't exist in his heyday.",joy,6.15
30571,@finkowska just rejoice if you get paid for it.,joy,6.15
30572,her; i want a playful relationship me; *kicks her off the couch*,joy,6.15
30573,Talking about our Problems is our greatest Addiction  Break the habit  Talk about ur Joys  quote optimism problemsolving behappy,joy,6.15
30574,When your rewatching glee and break down in tears all over again. ðŸ˜­ðŸ˜¢ glee,joy,6.15
30575,food  Ð´ÐµÐ½ÑŒÐ³Ð¸ smile   microsoft_.net_framework_4.5.1_full_plus_by_gora,joy,6.15
30576,Tip 5: Don't worry about pleasing everyone. TitanWisdom,joy,6.15
30577,"@finkowska @PigletParker they happen. I expect your thumbs were all over the place in glee, interpreting my double negative.",joy,6.15
30578,Go follow beautiful Snowgang â™¥@Amynicolehill12 â™¥ Princess fitness bodyposi haircut  Whitegirlwednesday,joy,6.15
30579,@Devilligan It's a beautifully sincere balancing act of grief and hilarity.,joy,6.15
30580,@AllredMD @KerryCallen @thismanthispete Kirby's Black Panther in a cool animated panel.,joy,6.15
30581,@Bookselenaxxx @Hustler @Bookselenaxxx @Hustler  ðŸ‘…ðŸ’¦ðŸ‘…ðŸ’¦ðŸ‘…ðŸ’¦ðŸ‘…ðŸ’¦ðŸ‘…ðŸ’¦ðŸ‘…that hot pussy unappetizing that delight,joy,6.15
30582,"Cover it up with a smile, maybe it'll get better",joy,6.15
30583,Currently listening to @ScottFoxonair &amp; @KatCallaghan @Z1035Toronto podcasts!! Can you guys please move to yvr ?  missyou,joy,6.05
30584,@FoRDaYS14 ðŸ˜³ chewing what? smile arcdental turlock,joy,6.05
30585,Laudrup and his evil white companions rejoice.,joy,6.00
30586,My ukulele bag has fallen apart. ðŸ˜ WELLL AT LEAST my life hasn't yet!! Joys  quote  problemsolving behappy,joy,6.00
30587,"@JohnDotWhite I remember its heyday, but these ladies range in age from, I'd say, mid-30s to early 70s.",joy,6.00
30588,"The point of living, and being an optimist, is to be foolish enough to believe the best is yet to come' - Peter Ustinov optimism quote",joy,6.00
30589,"@elena_yip My random guesses for you! A potential Amelie, Kenneth of 30 Rock (but YA instead of TV) &amp; maybe w/ the optimism of Lara Jean?",joy,6.00
30590,"@SloanTheOtaku Betelgeuse/Sloth was lively, dedicated and tenacious, Regulus/Greed is humbly content and Ley/Gluttony is starving hungry.",joy,6.00
30591,@Tomstarling86 He didn't have many chances to show what he can do but looked lively and had a good shot tipped over the bar before the end.,joy,6.00
30592,@GNRailUK There's gonna be street parties when you lot leave. Spontaneous rejoicing. Clowns.,joy,6.00
30593,@iamnotatwit Or did I lie and cut 5 years off my age to be young and spry and hire-able in Hollywood? thegoldbergs,joy,6.00
30594,"@CohenDS Yell, 'Bye, garbage!' cheerfully after it.",joy,6.00
30595,what happened to breezy,joy,6.00
30596,Love how cheerful that woman is about storing someone else's furniture for an eternity. I'd have sold it by now. GrandDesigns,joy,6.00
30597,"â€¢Days!' He was itching for a fight..itching for the exhilaration of battle, of almost getting defeated, the adrenaline pumpingâ€¢ @RojinHitto",joy,6.00
30598,theÂ LordÂ turn his face toward you and give you peace. Numbers 6:26 truth trust promise calm justice great mighty protected,joy,5.54
30599,Be free and open and breezy! Enjoy! Things won't get any better so get used to it.,joy,5.54
30600,Lil reminder that my private account is a delight of shittalking and occasionally NSFW stuff! @AngryArchosaur,joy,5.54
30601,"every day i have to think in my mind will this be pleasing to God. my decision making, the way i react, treat ppl, speak, am i pleasing God.",joy,5.54
30602,"Trying to loveee somebody, just wanna love somebody right now, guess there's just no pleasing me",joy,5.54
30603,Follow me in instagram 1.0.7 love TagsForLikes TFLers tweegram photooftheday 20likes amazing smile follow4follow like4like look â€¦,joy,5.54
30604,don't put famous dex in a tweet with breezy lol chris is that guy dex a bitch lmao n music ass,joy,5.54
30605,"Athenian: When mirth is the order of the day, he ought to be honoured most who gives most mirth to the greatest number (Laws)",joy,5.54
30606,"The birds chirp , the sun shines and the wind chimes chime. There was once a smile on this face.",joy,5.53
30607,@rantking just adding a little levity,joy,5.52
30608,@FoRDaYS14 ðŸ˜³ chewing what?  arcdental turlock,joy,5.52
30609,"@MerenthaProphet - the Hunter in this way, content and joyous in simple, domestic bliss? I cannot wait for word of who you truly are to -",joy,5.49
30610,"@_haye_ optimism is he'll lose, that's actually a compromise :P",joy,5.46
30611,Misery loves company. The church ought to be a place where it finds none. -Pastor Kris Theobald joy rejoice,joy,5.46
30612,@BrightPigSEO @BrightPigSEO we provide dignified and professional funerals at prices families can afford satisfied clients bright pig,joy,5.45
30613,Talking about our Problems is our greatest AddictionBreak the habitTalk about ur Joysquote optimism problemsolving behappy,joy,5.40
30614,hate going to the doctor on so many levels but least I can go sleep with a smile just watched Dwight on live nation,joy,5.40
30615,Do not truck the delight; delight the truck.,joy,5.40
30616,@Blancalanka96 thought it'd be fun and it is not fun but on the bright side I don't have to fight for parking,joy,5.40
30617,Miami proficiency is like pleasing by what name miami beaches: pIkxb,joy,5.40
30618,@suavecitamay sparkling water is nice you know I tried it the other day,joy,5.40
30619,@gatewaypundit Mostly animated audience I'd bet...green sceen folk...the ones that don't need air..!,joy,5.40
30620,Today's realisation that it was the last time I watch swimming lesson cos I go back to work next week lead to a joyous bedtime. worstoneyet,joy,5.40
30621,Pinterest one dessert... Next thing you know your pinning how to make 27 different visually pleasing mouth watering never gonna make sweets.,joy,5.40
30622,I'm worried someday I'll be yelling at my kids and they'll be confused about if or not I'm being serious ðŸ˜­ðŸ˜­ðŸ˜­  I'm too damn playful,joy,5.40
30623,@PeteSpencer007 Are you always so relentlessly positive? Your constantly cheerful optimistic disposition starts to grate after a while.,joy,5.40
30624,"Mind if I tag along?' She asked cheerfully, sweeping a lock of hair behind her ear. 'I want to see if you've really got â€¢ @DitheringWizard",joy,5.40
30625,Pre-prepare direction plays hale and hearty situation an in child's evolvement: CMmyd,joy,5.40
30626,only time I am ever cheering for you Johnny,joy,5.40
30627,@JackCurryYES he's just lucky...bad pitchers...WHATEVER...ElKracken is legit future bright gottawearshades LetsGoYankees,joy,5.33
30628,Being playful as shitðŸ˜¤,joy,5.33
30629,Final night shift coming up.  I won't miss it but I will miss my work pals and the hysterical laughter that gets us through the night,joy,5.33
30630,@ColMorrisDavis @rolling_2 @realDonaldTrump @pbump He's jubilant to hear the word that he probably uses in secret heard out loud.,joy,5.33
30631,"@blackeyed_susie They ain't going away, and I don't want to see them hurt; changing hearts/minds is really our only option, no? optimism",joy,5.33
30632,"I love when my dog is playful, but he really just scratched my face while flailing his paws in excitement and almost tore my nose ring out",joy,5.33
30633,@fillegrossiere @PeasParsley @tombrodude bobs burgers is an animated show. Maybe Bob looks like him. They would cast him based on voice too,joy,5.33
30634,I take a strange delight from seeing mark Hughes struggle,joy,5.33
30635,"@MalYoung @AngelicaMcD I hope to now see some levity, light, romance and happiness come Stitch and Abby's way after such a long hard road.",joy,5.33
30636,On the bright side with YouTube heroes leafy will finally get banned,joy,5.27
30637,"myself that despite the absolute delight my children and I would feel having a kitten in our home, the misery my husband would feel is more.",joy,5.27
30638,"@colmjoconnor well it was after my heyday too I'm afraid, I was expecting 1st baby I reckon. Now aged 15 *gulps* I'm so old :-)",joy,5.27
30639,@KMunie7 @KaranEsch Helluva lot more animated than they were for the actual game &gt;.&lt;,joy,5.27
30640,backed pats -2.5 10/11 just before pleasing,joy,5.27
30641,backed pats -2.5 10/11 just before,joy,5.20
30642,Loading mirth out to be trusted websites: LKskQUfke,joy,5.20
30643,@FOXTV did you use the warblers set from glee on the @BONESonFOX episode about the acapella college kids?,joy,5.20
30644,"If I were assured of your eventual destruction I would, in the interests of the public, cheerfully accept my own.' -Sherlock Holmes-",joy,5.20
30645,"GKN so lively as well, mad quick",joy,5.20
30646,"@AdamCimmering Boro are at the OS before then, they could give the stewards a good work out. Chelsea will get about 8k, will be lively.",joy,5.20
30647,@JackCurryYES he's just lucky...bad pitchers...WHATEVER...ElKracken is legit future  gottawearshades LetsGoYankees,joy,5.20
30648,i mean i guess most of the mean ones are treated as like playful but i want to support yoosung without dating him ;___;,joy,5.20
30649,Method into thin out assault corridor thine liveliness: cHd,joy,5.20
30650,@niceoneWern @Alotta_Pain the gleesome threesome,joy,5.20
30651,"@eachus At least he's willing to discuss, better than most. That and keep the insults light with occasional levity or creative BS-ing,",joy,5.20
30652,"@flutterpolitely she is from the heyday 80's -could go either way, writing should be stronger but don't know who will be sacrificed first",joy,5.20
30653,Stack up with porthole under way heyday through worthy of faith bull's-eye transportation services: moM,joy,5.20
30654,i bet dat dog eating name brand cheerios. cant relate. i eat cheery O's,joy,5.12
30655,Well look at the bright side. You found a use for that rope TipsToSurviveAPowerOutage,joy,5.12
30656,@hoemanda69 wtf is tenacious and jubilant,joy,5.12
30657,"Dark, dense, and exhilarating come the finale, HellOrHighWater is a gripping watch.",joy,5.12
30658,I wish there were unlimited glee episodes:( so I could watch them forever. gleegoodbye,joy,5.12
30659,A not very young man compiled info on a smiling baby then a mattress created new evil.,joy,5.12
30660,Question for all the cheerleaders who ages out!! How to I make my senior year of cheer more memorable,joy,5.12
30661,@_Kdddd drop some off at 1133 cheery,joy,5.12
30662,which always leads to the kind of hilarity average people will never experience - especially during breakups.,joy,5.12
30663,HMS Pinafore' time.  I need some mirth.,joy,5.12
30664,@OrbsOfJoy plan a date... like a date u find pleasing or smth. fuckign  10/10. because the child will grow to be a ten out of ten,joy,5.11
30665,@johnwintertweet dudes who wanna play some bass but not buy a bass (me) rejoice,joy,5.08
30666,@lennyabrahamson May I send you a copy of HeroTheGreyhound? Either e-book or real paper one! A boy and a greyhound smiles tears,joy,5.04
30667,"@CNBCFastMoney Harwood gleeful at these new numbers, bet your money on this reporting...look to lose it...@HillaryClinton liarthiefscoundrel",joy,5.00
30668,"If I were assured of your eventual destruction I would, in the interests of the public, cheerfully accept my own.' Sherlock Holmes",joy,5.00
30669,"@mehnazt @Mel_Harder I live a life devoid of mirth. Come to think of it, there aren't enough taco bowls in my life, either.",joy,5.00
30670,Watch this amazing live.ly broadcast by @haythatjamile8 lively musically,joy,4.54
30671,@mark_slifer actually maybe we were supposed to die and my donation saved our lives?? optimism,joy,4.52
30672,@_j_sa_ switch out Steve Carrell and put in Kurt from glee then it's accurate,joy,4.52
30673,"don't be with some just because they try to drown you in gifts. be with someone who makes you truly happy, without the materialistic things.",joy,4.52
30674,"With that draw, the scum must be rubbing their hands with glee! Typical draw for the Woolwich lot!!! jammygunnerscum",joy,4.52
30675,All the fans wanted Man Utd at home in the next round... Are you cheering for Northampton or Man Utd right now? lufc,joy,4.52
30676,@FlannelJedi This is why I drink and watch You're the Worst as a way to cheer myself up.,joy,4.52
30677,"Sometimes he likes to ride arround on people's shoulders or drop on them unexpectedly from vents or doorjambs. Like a big, gleeful spider.",joy,4.52
30678,@crumpledlinen he chirp,joy,4.52
30679,You have to find a way to top yourself.,joy,4.52
30680,"cluck cluck cluck, wolf wolf wolf , chirp chirp chirp is all I ever hear.",joy,4.52
30681,@LeBatardShow heyday Race war 2016,joy,4.52
30682,@buzzlightbeard2 If you don't love yourself... Honesty is the best policy,joy,4.52
30683,"listening to the Oblivion score, drinking coffee, researching for new sci-fi animated project.",joy,4.48
30684,@lilymooregrant u used to chirp me for drinking it u hoe,joy,4.48
30685,@CNN &amp; @donlemon must be rejoicing ovet Charlotte protests.  NorthCarolina,joy,4.40
30686,"342:147 And waxen in their mirth, and neeze, and swear A merrier hour was never wasted there.-- AMNDBots",joy,4.40
30687,@SXMUrbanView @karenhunter @CousinSyl you are so wrong for this!needed levity after that recording,joy,4.40
30688,smiling through the stress :) :) :) :) :) :) :( :( :( :( :( :( :(,joy,4.40
30689,@honevbee close up shots of my ugly mug as I continue to talk about Blaine years after glee has been dead,joy,4.40
30690,Rec'd call 2day from Haitian church we started in Florida some 15yrs ago. Preparing to acquire their own bldg. Wanted me to know.,joy,4.40
30691,Doesn't it just suck when you're so real to someone and try to exhilarate every ounce out of them to only see that they're not down,joy,4.39
30692,Positive psychology research shows salespeople who score in the top 10% for optimism have 88% &gt; sales than those in top 10% for pessimism.,joy,4.34
30693,"Tend the sick, Lord Christ; give rest to the weary, bless the dying, soothe the suffering, pity the afflicted, shield the joyous;",joy,4.31
30694,Never make a decision when you're angry and never make a promise when you're . wisewords,joy,4.31
30695,A 'non-permissive environment' is also called a 'battleground' - MilSpeak,joy,4.31
30696,"No, just tweet pictures of four fictional characters who describe you. One should be an animated character. @sunshinessp411",joy,4.31
30697,@israelradioguy @WearingWelcome @SkipBaylessSux U blocking doesnt diminish the hilarity of his observation.Or your child-like response to it,joy,4.31
30698,"Meanwhile, the so-called Mâ€™s fans sit there knitting or sleeping not sure which but they certainly arenâ€™t cheering like the other teams fans",joy,4.31
30699,"@musicfae15 [He grumbled as he sat atop the sushi bar stool, crossing his arms defiantly, in a playful gesture, though he gave anyone who &gt;",joy,4.31
30700,One time I saw Rachel from glee tell someone their job was on a pole and I said that in 5th grade to a boy and he look confused,joy,4.31
30701,@Dubai92 try asking for a cheeseburger with only onion &amp; mustard at any McDonalds,joy,4.31
30702,Fee otherwise tricks: palm oil delegation mt jaunty resident: TZxCHLdAQ,joy,4.29
30703,@TheBarmyArmy all the optimism...,joy,4.23
30704,The bounty hunter things a bit lively,joy,4.22
30705,"@Spotted_H0rse I'm spry, though",joy,4.20
30706,mirana told me to shut up when i was singing along to glee...,joy,4.20
30707,The Quarterback' wrecks me every time..,joy,4.20
30708,A former diplomat is quite gleeful about the situation of Pakistan on @TimesNow Not quite stiff upper lip of diplomacy seen normally,joy,4.19
30709,@ryanwilson2015 That's why compatibility is key as it lowers hedonic volatility.,joy,4.10
30710,Halfway to work and I realize I forgot to put on underwear....It's going to be one of those days! mombrain toomuchgoingon longday breezy,joy,4.10
30711,"god, Facebook's design has started to remind me of MySpace in its heyday",joy,4.10
30712,Halfway to work and I realize I forgot to put on underwear....It's going to be one of those days! mombrain toomuchgoingon longday,joy,4.10
30713,"Three days off a month with two ex wives and no home could be worse. I don't know how, but it could oilandgas optimism",joy,4.10
30714,@EngrNabeeel then rejoicing now is a lil' bit prematured dont you thinkðŸ¤”ðŸ¤”ðŸ¤”,joy,4.10
30715,"it's so breezy out today, i can't go to back to school night with bare legs like i've had all day",joy,4.10
30716,@jellzybean cheer up punkin',joy,4.10
30717,@APkrawczynski   Any possibly KG is being bought out as a player so that he can buy in from Glen as a minority owner?,joy,4.10
30718,I saw those dreams dashed &amp;&amp; divided like a million stars in the night sky that I wished on over &amp;&amp; over again ~ sparkling &amp;&amp; broken.,joy,4.10
30719,@EducatedNPetty white pricks that were laughing at your use of language won't be crying over your coffin but rejoicing that you're another,joy,4.10
30720,Light of day per heyday popularization backfire cinematography: XUcQb,joy,4.10
30721,@peachkellipop the whole thread is jovial and fun and then this comment is like FULL of misogyny,joy,4.05
30722,"@Nikhilv95 @LydiajaneF I wish, I really, truly wish, that I had just a modicum of your banter.",joy,4.00
30723,@mark_slifer actually maybe we were supposed to die and my donation saved our lives??,joy,4.00
30724,Misery loves company. The church ought to be a place where it finds none. -Pastor Kris Theobald joy,joy,4.00
30725,"@Spacekatgal @outmagazine Its okay to be trans just rejoice with the trans in the trans way. By the way it's not your business, so why care?",joy,4.00
30726,@berniedole looks that way. But let's think about Rohan last week ... optimism,joy,3.57
30727,"At 12:01, Tumblr became sentient. At 1.:02, Tumblr posted gn animated gif about it. At 12:03, Tumblr shipped itself.",joy,3.55
30728,LMFAO @MSNBC 's racepimp Tamron Hall used the words 'fscts' and 'MSNBC' in the same sentence  libtard biasedmedia neverHillary,joy,3.51
30729,Research has determined 70% of laughter is actually anxiety.,joy,3.51
30730,"@NebulaJoker No, they aren't. Episodes are animated during the week before they air.",joy,3.51
30731,@iyaycruz lets see chirp,joy,3.51
30732,Val is far too cheery for my liking âœ‹ðŸ»,joy,3.49
30733,But i'll be a pity. ðŸ‘ lively,joy,3.49
30734,When your rewatching glee and break down in tears all over again. ðŸ˜­ðŸ˜¢,joy,3.49
30735,Does anyone remember a movie that is animated in the late 70's called Shame of the Jungle John Bulushi was in it wild if that's your taste,joy,3.49
30736,@ItWontCostMuch_ 'Bed done... floor will be done last... curtains! A-hah!' She tried to sound all happy and cheery but she really wasn't.--,joy,3.49
30737,@weebtard sparkling water wyd,joy,3.49
30738,"The house no longer echoes with our laughter. We light up our memories of the home and sit in the cold, waiting. amwriting nostalgia",joy,3.49
30739,"@blackeyed_susie They ain't going away, and I don't want to see them hurt; changing hearts/minds is really our only option, no?",joy,3.49
30740,OneSimpleChange: Drink sparkling water instead of soft drinks to steer clear of fructose while still getting a refreshing carbonation kick.,joy,3.47
30741,"Dear everyone at HSSU, stop walking with your phones up so I can smile and wave at you and you can smile and wave back :(",joy,3.45
30742,$SRPT Why would Etep patients &amp; Mom's advocate for a drug if it did not work? Anyone listen to the Etep MD's @ Adcomm.. all were elated.,joy,3.40
30743,Gas prices are hilarious. Cause they're simultaneously super subsidised and taxed,joy,3.40
30744,.@POTUS Obama describes his temperament as 'steady &amp; on the buoyant side.',joy,3.40
30745,Early morning cheerfulness can be extremely obnoxious ALDUB62ndWeeksary,joy,3.32
30746,Check out this film Robocoq 301  shortfilms,joy,3.32
30747,Rap that will Cut other raper's throat. Who said that? @Paedeezy badd wicked. bright city lights,joy,3.32
30748,Who actually chooses to drink sparkling water ðŸ¤”,joy,3.28
30749,f breezy,joy,3.28
30750,@bear_ing you asshole... you made me sexually attacked to a animated bear :-P,joy,3.28
30751,"Hey @AppleSupport, would be nice to have â€œclick to pauseâ€ or â€œpause when window inactiveâ€ on animated GIFs for macOS Messages app",joy,3.28
30752,@CazuaL_WeaR @ScottInSC looks like a book shaped like a gun to me  itsagunalright,joy,3.28
30753,my haters are like crickets. they chirp all day but when I walk past them they shut the fuck up.- @DritaDavanzo (my idol),joy,3.28
30754,"@TheDemocrats dilemma, blaiming everything on the Bushes, but acting gleeful over their endorsement. Election2016 Trump",joy,3.28
30755,"@rubeseatsinfo from here, it's but a short step to biweekly Community Meetings over a hearty meal of soy flakes",joy,3.28
30756,The joyful tambourines have ceased. The noise of the jubilant has stopped. The joyful lyre has ceased. -Isaiah 24:8,joy,3.28
30757,noah fence but i want a harley quinn or blake lively layout,joy,3.27
30758,I truly believe in my heart right now that Satan is rejoicing because we are all against one another,joy,3.24
30759,Gloriosa Bazigaga on Rwanda work: 'I lost relatives in genocide but 15 yrs of peacebuilding has given me optimism it's within our power',joy,3.20
30760,@HillaryClinton did you see the gleeful look on @realDonaldTrump 's face when criminal Don King used the 'n' word to denigrate Blacks?,joy,3.20
30761,"@TheVulcanSalute , just saw the Save The Day PSA. Why were you in obvious tears doing it? I'd have thought you'd be your cheerful self.",joy,3.20
30762,I was cheering for NA team. Now I just want this is over and Gaudreau comes back in one piece. It is getting way too risky,joy,3.12
30763,"@alphavenger all chuck seasons, she had that one bright spot with dan, where she was allowed to be smart and kind //and// fashionable",joy,3.09
30764,@BbeautifulSoul_ u always gotta attitude tho ... ðŸ˜• cheer up,joy,3.08
30765,"Oh that cheery fucking note, good night shit heads X",joy,3.08
30766,"categ than GEN &amp;OBC it cost only 100 or nill .i am not against the reservation and i support it,sir minimize the fees bright fut @PMOIndia",joy,3.08
30767,@ClvlndK8 It's so sad! There's always such optimism with a new year. This is...not good. @BuckshotBandit1 @dapostrophearcy,joy,3.08
30768,Shanghais chief distracting levity pampa - proper dingle carry away: uUDQujcia,joy,3.00
30769,@govph I would like to know about the source of The President's optimism about running the country. I wonder if he can answer my curiosity.,joy,3.00
30770,Unixware skydrive-cokie hearty exactment blame online: HEpHXhO,joy,3.00
30771,@__Dayo yall dont feel bad.. you are rejoicing... it is what itnis... its always ColtsNation even when we have 6th string DBs playing ðŸ˜”ðŸ˜”,joy,3.00
30772,Harking back to 2012 - DT's challenge to @POTUS...I will give...DT a hearty thank you...if he will release his tax returns....,joy,2.59
30773,"So much news about Pakistan, Afghanistan, etc. We need more cheery news about Frybread Stands!!! Everyone in media just so grim.",joy,2.53
30774,remember when glee did a take me or leave me cover but it was between two girls who werent even friends why did that do that,joy,2.47
30775,I need a bit of GBBO to cheer me up after a terrible day!,joy,2.47
30776,"Logically speaking, this can't be the worst I've ever felt and even if it was then its passing will still be a joyous occasion",joy,2.47
30777,I hate when I try to be playful and get shut down lol ...Why so seriousðŸ™,joy,2.47
30778,As a photographer this portrait shooting mode on the iPhone 7 Plus is going to frustrate me ~75% of the time but delight ~25% of the time.,joy,2.41
30779,Apparently all the money in the world can't buy a single person to tell you not give your own waist a hearty two-handed pinch while onstage.,joy,2.40
30780,People always tell me that they don't expect me to have anxiety because I'm generally cheerful and don't act the way they expect me to.,joy,2.40
30781,Inquiries into alleged abuses by UK troops in Afghanistan and Iraq and data suggesting a buoyant post-Brexit economy makes the front pages.,joy,2.40
30782,"Pinky is so funny n jovial, bt she got emotional n just brought me 2 tears. I felt so bad for her Ishqbaaaz",joy,2.40
30783,@faithstrust @TheeCurrentYear imagine being this stupid for trying to chirp because of some racist prick.,joy,2.34
30784,i wonder how gleeful it is to be dumb af and see the world through rose tinted glasses,joy,2.28
30785,sparkling or still? terribledebatequestions,joy,2.26
30786,Life izn't about pleasing each others...ðŸ˜•  hell with pleasing,joy,2.26
30787,@debutemma I dont have to sit here and take this from u spry young children,joy,2.26
30788,"You don't smile and you say you're in love, but that's why I don't love",joy,2.26
30789,@iamglenn35 the forth character? No... not gleeful enough...,joy,2.26
30790,@emilyycos the other 26 was last night at 2am while i watched the balls i animated bounce for 20 minutes figuring out what was wrong,joy,2.26
30791,I meet new people and I had to grow up with the reality that people can be desgusting and fake and so I lost my cheerfulness and started to,joy,2.24
30792,Feelings got cheated when I mistook the sparkling ribena to be the normal ribena......,joy,2.20
30793,"@david_garrett Quite saddened.....no US dates, no joyous anticipation of attending a DG concert (since 2014). Happy you are keeping busy.",joy,2.20
30794,@aradsliff don't know I'm from nj we are the worst on purpose.,joy,2.19
30795,Turns out 'it' wasn't even anything to be concerned about at all. Im happy and a bit frustrated it took so long to get this answer.,joy,2.15
30796,@berniedole looks that way. But let's think about Rohan last week ...,joy,2.11
30797,half day tuhday but nah for glee ðŸ˜­,joy,2.05
30798,"Three days off a month with two ex wives and no home could be worse. I don't know how, but it could oilandgas",joy,2.05
30799,@LaurenBrierley2 sparkling water = death,joy,2.05
30800,"As the birds begin to chirp, I try to sleep. Jetlag",joy,2.00
30801,"When u /only/ talk 2 me or ask me 'how r things' just 2 get 2 say something u want, 4give me if I'm not elated 2 start a conversation with u",joy,2.00
30802,Wanted to get him a cake with sparkling candles but he doesn't like cakeðŸ˜’ðŸ˜’. Ruins everything,joy,1.44
30803,"@AdsByFlaherty And you're cheerfully defending a group of unchecked, armed thugs who've shown a history of racism, violence, and lies.",joy,1.44
30804,"Sometimes I watch shitty tv to reinforce never giving up cuz if something is that fucking awful on tv, I still stand a chance. optimism",joy,1.44
30805,@Onision @Eugenia_Cooney annoyed by the good loving fans of Onision including myself Is really annoyed at how people just are too cheerful.,joy,1.44
30806,"With a jovial Trump on his ass, Don King just publicly told a crowd that 'We need [him] because you will always be a nigger.'  FuckTrump",joy,1.44
30807,Your glee filled Normy dry humping of the most recent high profile celebrity break up is pathetic &amp; all that is wrong with the world today.,joy,1.40
30808,@torbalan I still have some shred of optimism. It's rapidly disappearing however...,joy,1.40
30809,Studying the phases of oscillation. How jovial. ðŸ˜ðŸ”«,joy,1.40
30810,@MaxVenator We've had no foreign policy but have had goofy Secretary of State John Kerry with his devil may care pose and jaunty blue scarf.,joy,1.40
30811,It is too fucking bright &amp; too fucking hot outside,joy,1.36
30812,Quinn's short hair makes me sad.,joy,1.23
30813,But i'll be a pity. ðŸ‘,joy,1.23
30814,"Sometimes I watch shitty tv to reinforce never giving up cuz if something is that fucking awful on tv, I still stand a chance.",joy,1.15
30815,"The abysmal ignorance, frivolity and levity of the Italian priests stupefied him.' - Roland Bainton on Luther, ReformationDay",joy,1.02
30816,@SenJohnMcCain @WSJ an 'Honorable Senator' cheering when a cease fire does not hold! PEOPLE DIE AND YOU CHEER! GENOCIDE SUPPORT NOT GOOD!,joy,1.02
30817,"Seriously @marksandspencer I'm sick and grumpy and the only thing that's gonna cheer me up is ordering my xmas food, when's it going up? ðŸ˜¢",joy,1.00
30818,It's just the lack of company and liveliness out here that makes me bored.,joy,0.58
30819,Quinn's short hair makes me sad. glee,joy,0.40
30820,hate overthinking e v e r y t h i n g like i jus' wanna be happy pls,joy,0.40
30821,People who cheer for sports teams completely outside of New Jersey or PA piss me off,joy,0.20
30822,@DamnPatriot You're a POS for rejoicing in someone's death.,joy,0.19