id,txt,emotion,none
10000,How the fu*k! Who the heck! moved my fridge!... should I knock the landlord door. angry mad ,anger,15.38
10001,So my Indian Uber driver just called someone the N word. If I wasn't in a moving vehicle I'd have jumped out disgusted,anger,14.56
10002,@DPD_UK I asked for my parcel to be delivered to a pick up store not my address fuming poorcustomerservice,anger,14.56
10003,so ef whichever butt wipe pulled the fire alarm in davis bc I was sound asleep pissed angry upset tired sad tired hangry ,anger,14.56
10004,"Don't join @BTCare they put the phone down on you, talk over you and are rude. Taking money out of my acc willynilly! fuming",anger,14.56
10005,My blood is boiling,anger,14.35
10006,When you've still got a whole season of Wentworth to watch and a stupid cunt in work ruins it for us ðŸ˜­ðŸ˜­ @__KirstyGA raging oldcunt,anger,14.35
10007,"@bt_uk why does tracking show my equipment delivered, when it wasn't? Why is my service suddenly delayed? We've already 3 weeks. fuming",anger,14.35
10008,"@TeamShanny legit why i am so furious with him, people are such fucking idiots.",anger,14.35
10009,How is it suppose to work if you do that? Wtf dude? Thanks for pissing me off.,anger,14.35
10010,im so mad about power rangers. im incensed. im furious.,anger,11.07
10011,Wont use using @mothercareuk @Mothercarehelp again!! These guys cant get nothing right!! fuming,anger,14.14
10012,Bitches aggravate like what inspires you to be the biggest cunt known to man kind?,anger,14.14
10013,"Why does @dapperlaughs have to come to Glasgow on a night I am working. I am fucking gutted, been waiting for an appearance for ages raging",anger,15.38
10014,Fuking fuming ðŸ˜¤,anger,14.14
10015,Zero help from @ups customer service. Just pushing the buck back and forth and promising callbacks that donâ€™t happen. anger loathing,anger,14.14
10016,@ArizonaCoyotes not to mention the GRA guy stops me but let's the 2 ppl in front of me go. WTF. My blood is boiling.,anger,14.14
10017,"I hate my lawn mower. If it had a soul, I'd condemn it to the fiery pits of Hell.",anger,13.53
10018,why are people so offended by kendall he ends photo shoot like seriously shut the fuck up,anger,13.53
10019,I'm about to block everyone everywhere posting about the storm. I think everyone is aware of the damn rain and what not so quit. damn,anger,13.32
10020,Making my buddy cry !! Bitch wait for revenge ðŸ¤—ðŸ‘ŒðŸ»,anger,13.32
10021,Bes! You don't just tell a true blooded hoopjunkie to switch a f*c@n' team that juz destroyed your own team. You juz don't! insult,anger,14.51
10022,I got a NO RESPONSE again from an irate customer of amazon ðŸ˜žðŸ˜ž why can't they understand that it's not always amazon fault.. carrierfault,anger,13.32
10023,"Tasers immobilize, if you taser someone why the fuck do you need to shoot them one second later?! This is really sick! rage wtf  murder",anger,13.32
10024,"@LeKingCoq @MistaAggy @GiovanniiDC The way my blood is boiling, little bastards!",anger,13.12
10025,Actually fuming I have nothing to wear Saturday,anger,13.12
10026,.@DIVAmagazine than straight people. Even the arse straight guys who think that means a threesome is fine. angry fuming,anger,13.12
10027,Bloody parking ticket ðŸ˜’ðŸ’¸ fuming,anger,13.12
10028,You ever just find that the people around you really irritate you sometimes? That's me right now ðŸ˜’,anger,13.12
10029,I get so angry at people that don't know that you don't have a stop sign on Francis and you do at Foster road,anger,13.12
10030,"This fuck you is boiling up inside, its not gonna be good when I let it out.",anger,13.12
10031,@VodafoneUKhelp @VodafoneUK wow!! My bill is Â£44.77 and hav a text from u to prove that and you have taken Â£148!!!!! swines fuming con!,anger,13.12
10032,I blame the whole season on Natalie! The season would have been so different had she not turned her back on her alliance! pissed,anger,13.12
10033,Since the 'update' my @iPhone loses power nearly 40% faster.  furious,anger,13.12
10034,@bringyouhome2 I'm about to fly into a fit of rage it's not FAIR,anger,13.12
10035,Unbelievable takes 10 minutes to get through to @BarclaysUK then there's a fault and the call hangs up fuming treatcustomersfairly,anger,13.12
10036,@ggreenwald @SusanSarandon We are blaming 5% of the fucking idiots who are putting the World in the middle of their tantrums. You are one.,anger,13.12
10037,@SunandBeachBum 'you people' infuriate me!,anger,13.12
10038,@rtrn94 Mine is that the party did decide but the party has been slowly transformed into a vengeful hell-cult of white male resentment,anger,13.12
10039,So angry about my @WishShopping order. 6 months ago I placed an order of over $500. Card billed. Never received  disappointing,anger,12.51
10040,Still can't log into my fucking SnapchatSnapchat snap,anger,15.00
10041,@ThomsonCares Sam- yes we have! Not helpful at all! We need this sorting ASAP! You keep promising stuff that doesn't happen!!!! fuming,anger,12.51
10042,"SOMEONE LET SNAKES IN MY HOUSE, I BET IT @Ya_Boi_Huck I KILL THAT BUGGER WHEN I GET MY HANDS ON HIM rage HuckFP2",anger,12.51
10043,so ef whichever butt wipe pulled the fire alarm in davis bc I was sound asleep pissed  upset tired sad tired hangry ,anger,12.51
10044,"Why does @dapperlaughs have to come to Glasgow on a night I am working. I am fucking gutted, been waiting for an appearance for ages",anger,12.13
10045,i feel furious,anger,12.51
10046,Some Mexican ladies irritate the fuck outta me. Have a their own lil preschool of fucking kids for the welfare &amp; allllat smh.,anger,12.51
10047,Still can't log into my fucking Snapchat Snapchat,anger,12.51
10048,I blame the whole season on Natalie! The season would have been so different had she not turned her back on her alliance! pissed bitter,anger,12.51
10049,People irritate my MF soul,anger,12.51
10050,Im so angry ðŸ˜‚ðŸ™ƒ,anger,12.30
10051,People fuckin irritate me,anger,12.30
10052,"@leesyatt you are a cruel, cruel man. therewillbeblood revenge",anger,14.00
10053,That way ur so angry you can literally feel ur blood boiling,anger,12.30
10054,@KatzeAnilothei this amount of greedy mooching makes me snarl.,anger,12.30
10055,My mind is raging and i just want to end it all,anger,12.30
10056,Absolutely fuming that some woman jumped into my prebooked taxi and drove off ðŸ˜¡,anger,12.30
10057,I'm nothing but a hateful and bitter fag,anger,12.30
10058,@FitnessFirstAU something needs to be done about people hogging machines - nobody can use 3 machines at one time! angry notfair whypay,anger,12.30
10059,@JrDingy96 Ikr people still got a grudge against him for no reason like wtf?!,anger,12.30
10060,@lynnew69 then he said talking about wills uncontrollable animals when moving to another link. These comments do not help! fuming,anger,12.30
10061,@paulbushnell25 @EE bad news if ordered online it hasn't gone through same happened to me had to re order on the phone furious,anger,14.04
10062,So angry I wanna cryðŸ˜¢ðŸ˜¢ðŸ˜¢,anger,12.30
10063,OOOOOOOOH MY GOD UUUUGGGGHHHHHHHHH,anger,12.30
10064,Boycotting @DunkinDonuts till butter pecan comes back. I am furious,anger,12.30
10065,"In 2016, Black people are STILL fighting to be recognized as human beings. cantsleep angry",anger,14.45
10066,my mom cut my phone off and I'm so furious ðŸ¤—,anger,12.30
10067,Once again the only thing on my feed is naay raging about something and my brother filling in all the gaps,anger,12.30
10068,can't believe Achilles killed me! angry,anger,12.30
10069,I lost a couple niggas I want revenge so put me in coach,anger,14.35
10070,@mjmralph then it's poor packaging my Amazon and the fulfilled seller should be furious as much as you ðŸ˜•,anger,12.30
10071,Where's your outrage when a black man kills another black man in the streets?,anger,12.30
10072,it makes me so fucking irate jesus. nobody is calling ppl who like hajime abusive stop with the strawmen lmao,anger,12.30
10073,Absolutely fuming I've just scratched all my car ðŸ˜¡ðŸ˜¡ðŸ˜¡ðŸ˜¡ðŸ˜¡ðŸ˜¡,anger,12.30
10074,@Ms_HeartAttack holy shit it just a bee sting like fuck you're not dying,anger,9.13
10075,How the fu*k! Who the heck! moved my fridge!... should I knock the landlord door.  mad ,anger,12.09
10076,I dislike people who get offended by the littlest shit .,anger,12.09
10077,"What the fuck am I supposed to do with no lunch, no dinner, no money and I'm off to work furious hangry day5",anger,12.09
10078,"@justyne_haley it does. if one person ruins season 13 for me, I will be so angry",anger,12.09
10079,"What the fuck am I supposed to do with no lunch, no dinner, no money and I'm off to work  hangry day5",anger,12.09
10080,@firstleeds not only are your buses unreliable your e ticket app is too unable to get on two buses and late for work fuming useless reply,anger,14.24
10081,So my Indian Uber driver just called someone the N word. If I wasn't in a moving vehicle I'd have jumped out disgusted offended,anger,12.09
10082,"The liberal outrage over don king saying the N-word really angers me. The white yuppie progressives can go fuck themselves, shame on blacks",anger,14.23
10083,Just paid for chicken at @panerabread and didn't even get any ðŸ˜‘ðŸ˜‘ðŸ˜‘ there goes 4 dollars and me as a customer angry,anger,12.09
10084,but that was a mistake and a half assed excuse and now here i am burning in hell forever,anger,12.09
10085,@ManUtd you have had from me over the years is irrelevant. Its an absolute joke. manutd ticketing fuming noloyalty joke notimpressed,anger,14.33
10086,@hollyrobinson__ Part 2-was buzzing for a cheeky squashie or two-this was NOT what i expected.SORT IT OUT! food angry  @coopuk @coopukfood,anger,8.58
10087,"Tasers immobilize, if you taser someone why the fuck do you need to shoot them one second later?! This is really sick!  wtf murder",anger,12.09
10088,Bes! You don't just tell a true blooded hoopjunkie to switch a f*c@n' team that juz destroyed your own team. You juz don't!,anger,12.09
10089,@ChurdAllan fucked my coupon that goal! raging,anger,12.09
10090,LVG bribed all the refs against Utd for his own personal revenge. That was a foul you prick.,anger,12.09
10091,"Now that the whole clown rage has scared me shitless, I'm gonna go cry in my room",anger,12.09
10092,Worst juror ever? Michelle. You were Nicole's biggest threat. bitter bb18,anger,12.09
10093,Your twitter picture just makes me fume.,anger,12.09
10094,"@leesyatt you are a cruel, cruel man. therewillbeblood",anger,12.55
10095,"That's really it for my madden career that game sucks , ea sports does a piss poor job every year on that shit",anger,14.27
10096,"@NeoFundie @fitchest Ha. Right. I'm from San Jose, CA, and I was offended right there with you. Dave, go on a walk or something next time.",anger,13.51
10097,@FitnessFirstAU something needs to be done about people hogging machines - nobody can use 3 machines at one time!  notfair whypay,anger,11.48
10098,I wonder what American city will be next to protest about police shootings. Who's next? Smh. whenwillitstop angry howmanymoretimes,anger,11.48
10099,@politico @realDonaldTrump another angry white man!,anger,11.48
10100,Have wee pop socks on and they KEEP FALLING OFF INSIDE MY SHOES rage,anger,12.39
10101,"The majority of people irritate the fuck out of me, cba with people ahahah",anger,14.22
10102,@oscar_perria a multimillionaire spoiled brat who gets In a self righteous huff bc his friend is Muslim is a non starter bye!,anger,11.48
10103,Wont use using @mothercareuk @Mothercarehelp again!! These guys cant get nothing right!!,anger,11.48
10104,@kingvee_ don't provoke me to anger,anger,11.48
10105,You complain all the time and then wonder why people never want to see you. You acc rile me up. Stfuuu!!!!,anger,11.48
10106,Bloods boiling,anger,11.48
10107,"Leave it on there, rule,nimber 1 of carpet cleaning!!! furious worsethananatomicbomb accidentlyspillbeeronthecarpet",anger,11.48
10108,@DarkLuneFantasy wallah my blood is boiling I need to take a nap ugh,anger,13.37
10109,I swear if @devincameron23 blocks me I'm going to hit her back,anger,11.48
10110,"@jennylhowe I am angry at the student for being a racist, and the teacher for not stopping it, and at the class for letting it go by.",anger,11.48
10111,I'm about to block everyone everywhere posting about the storm. I think everyone is aware of the damn rain and what not so quit. damn rage,anger,11.48
10112,I'm just a fuming ball of anger today ðŸ™ƒ,anger,11.48
10113,I didn't find out about this till today due to my bff telling me. I am so disgusted and offended by this.,anger,12.30
10114,@VerizonSupport thanks for saying My wife and I were getting our iphones today and then losing both of them with no ETA thanks angry,anger,11.28
10115,A @FirstBSA not turning up? Why am I not surprised. Late for work again! fuming,anger,11.28
10116,Police Officers....should NOT have the right to just 'shoot' human beings without provocation. It's wrong.  @ORConservative @MichaelaAngelaD,anger,11.28
10117,angry already,anger,11.28
10118,... flat party and I instantly get bollocked about it. fuming,anger,11.30
10119,@XemitSellsMagic add tracking but resent them,anger,11.28
10120,@FoxNews @SheriffClarke @FoxNewsInsider This man is an affront to our justice system.,anger,11.28
10121,"SOMEONE LET SNAKES IN MY HOUSE, I BET IT @Ya_Boi_Huck I KILL THAT BUGGER WHEN I GET MY HANDS ON HIM  HuckFP2",anger,12.44
10122,"@ChronAVT ummm, the blog says 'with Simon Stehr faking 7th'...I'll expect an investigation forthwith. This is an outrage",anger,11.28
10123,@GroupAnon black armed thug with a record carrying gun illegally gets shot by black cop. outrage   This is a joke.Let em destroy their town,anger,11.28
10124,..... wakes up and says 'have you tried changing her nappy?' ðŸ˜¡ðŸ‘ŠðŸ¼ rage!!!!,anger,11.28
10125,Someone needs to tell Candice she'll be stuck with that shitty pout if the wind changes. GBBO,anger,11.28
10126,@brian5or6 turn that shit off!   Home Button under Accessibility.   When did innovation become mind fuckery? . iphonePhoneHome,anger,11.28
10127,I just love it when people make plans for me without actually including me in this process rage,anger,11.28
10128,"@ggreenwald Smh, remove ideologically bankrupt and opportunistic establishment now. They're burning all bridges and social contracts. anger",anger,11.28
10129,"@brendancoots where's your outrage that your party nominated a lying, corrupt person? And received donations from nations who support terror",anger,12.46
10130,@edquinn63 how can you even forget to pick ur fave child up from school offended,anger,11.28
10131,I get so angry at people that don't know that you don't have a stop sign on Francis and you do at Foster road rage,anger,11.28
10132,@soyoprincess they irritate me. Them and their inch thick made up masks,anger,11.07
10133,@ChurdAllan fucked my coupon that goal!,anger,11.07
10134,How was Natalie one of the top three favorites?! toofaced and bitter ðŸ™„,anger,11.07
10135,@dcexaminer Democrats and their voters have zero tolerance for honesty. They associate honesty with anger and hate.,anger,11.07
10136,@gerfingerpoken rage?? The CrookedCourt said rage MANY times to explain away the brutal killings of Petits by Hayes &amp; Komisarjevsky,anger,11.07
10137,"To'Why can't we brothers protect one another? No one's serious, and it makes me furious. Don't be misled, just think of Fred.' mayfield",anger,9.38
10138,..... wakes up and says 'have you tried changing her nappy?' ðŸ˜¡ðŸ‘ŠðŸ¼ !!!!,anger,11.07
10139,@ManUtd you have had from me over the years is irrelevant. Its an absolute joke. manutd ticketing  noloyalty joke notimpressed,anger,11.07
10140,All hell is breaking loose in Charlotte. CharlotteProtest anger looting,anger,11.07
10141,There's this Bpharm4 guy Eish that guy brings anger into my life. When I see him nje like darkness fills me @RamatsobaneM will know,anger,11.07
10142,i had an hour of football practice under the boiling sun and now i have 2hr volleyball practice under the BOILING SUN AGAIN,anger,11.07
10143,testing angry,anger,11.07
10144,@WatcherDev @WarcraftDevs put so much artefact points into fury and cant raid... literally wasted 1 month of my life! Thanks blizzard,anger,11.07
10145,How is it suppose to work if you do that? Wtf dude? Thanks for pissing me off. furious,anger,13.53
10146,i was angry.,anger,11.07
10147,That feel when you travel 700 miles to pick up a form that arrives in the post two days after you leave. fume,anger,11.07
10148,@cineworld 'Congratulations your Free 1 month has been activated' Then charges Â£34.80 the same month. Absolutely furious ðŸ˜¡,anger,11.07
10149,@tmz @HarveyLevinTMZ   Hell hath no fury like a women scorned.    It's the affair.  Not the parenting,anger,11.07
10150,straight people are canoodling on the quad and I'm offended,anger,10.48
10151,"I can definitely feel my irritation today, lord give me strength",anger,11.07
10152,@RobertTaitWHU against Chelsea anything is possible haha. I'm fuming about that bet ðŸ™„ðŸ™„ðŸ™„ðŸ™„ðŸ™„ðŸ™„,anger,10.46
10153,When you break a record in madden I wish it didn't say the same shit after every rush like you just broke the record. shutupphilsimms,anger,13.32
10154,@DFSCare apparently you are to contact me. Sofas were meant to be delivered today. Old ones gone. Sitting on floor. No sofas! fuming,anger,10.46
10155,I have 1000 rabid grizzly bears I'm going to scatter in neighborhoods all over America.  They're poor refugees!  InYourNeighborhoodNotDC,anger,10.46
10156,@oreillyfactor why dont blm thugs want justice when its black on black gang crime? They only rage and cry racism when its a cop,anger,10.46
10157,@mandyjohnson I'll be honest.. I hope that annoying Southern bint with the 'look at me' pout goes out this week! Selasi FTW,anger,10.46
10158,Zero help from @ups customer service. Just pushing the buck back and forth and promising callbacks that donâ€™t happen.  loathing,anger,10.46
10159,"@mdivincenzo9 he's stupid, I hate him lol bitter",anger,10.46
10160,@SkyUK what a joke!! Cut our internet off early 'by mistake' and then don't reinstate it when we no longer need an engineer ðŸ˜¡,anger,10.46
10161,"@Slippus @PureGym  yeah I received a fine today which I am furious about, currently appealing it after being a member for so long...",anger,10.46
10162,People irritate me ðŸ™„,anger,10.46
10163,Men in rage strike those that wish them best. rage emotions negative positive wish strike martial arts control believe best hope,anger,10.46
10164,"In 2016, Black people are STILL fighting to be recognized as human beings. cantsleep",anger,10.46
10165,I swear if @devincameron23 blocks me I'm going to hit her back revenge,anger,10.46
10166,@SkyUK what a joke!! Cut our internet off early 'by mistake' and then don't reinstate it when we no longer need an engineer ðŸ˜¡ fuming,anger,10.46
10167,@RealBD_ @ReyesAverie 47 unarmed blacks killed by white cops in 2015. That many die every month in Chicago wheres the outrage,anger,10.46
10168,"@bt_uk why does tracking show my equipment delivered, when it wasn't? Why is my service suddenly delayed? We've already 3 weeks.",anger,10.46
10169,Does she really need to pout all the time - getting on my nerves GBBO,anger,10.46
10170,Ever put your fist through your laptops screen? If so its time for a new one lmao rage anger hp,anger,10.46
10171,@snowangel415 @cjwalters66 Maybe also being attacked by Tom's rabid fans to whom he &amp; his clothes were always perfect also put me off him...,anger,10.46
10172,"Dear future big brother players, just chase dick all season and you too can win 500,00 dollars and an Sti bb18 bitter",anger,10.46
10173,"@VanDashNessa @taotao_salupa5 Nobody in that street burning and looting and terrifying innocent citizens was there, either.",anger,9.16
10174,@Disneyland nothappy and still charging the fullprice ðŸ˜¡ðŸ˜¡ fuming some your bestrides ðŸ˜³ðŸ˜³,anger,10.46
10175,Forgot to eat dinner and now I'm furious with everything and everyone,anger,10.46
10176,the girl sitting in front of me is chewing her gum like a cow &amp; im ready to snap ðŸ¤—,anger,10.46
10177,"@sebbyD27850 both are nonsensical. If there's injustice against blacks, why add to it by destroying black property. It's misdirected anger",anger,11.30
10178,Can someone make me a priority list of which things I should be outraged at + in which order?  racism animalrights abortion cops,anger,10.46
10179,@VodafoneUKhelp @VodafoneUK wow!! My bill is Â£44.77 and hav a text from u to prove that and you have taken Â£148!!!!! swines  con!,anger,10.46
10180,You a fuck boy if you run drag routes back to back in madden,anger,10.46
10181,I got fever highs I got boiling blood,anger,10.46
10182,@canada4trumpnow @donlemon he has BAD TEMPERAMENT tantrums HissyFits,anger,10.46
10183,I can't even right now bb18 rage,anger,10.46
10184,"@Daniel_Sankey @hayleyp79 Haha.... Actually, after the Doggies I'm barracking for Anyone But GWS! bitter",anger,7.52
10185,Why are people that don't have iPhones so bitter about iPhones???? Can someone explain,anger,10.25
10186,@RonMexico760 The guy who calls people 'cuck' and is anti-BLM is offended by idea that he might not be pro-policing reform? That's amazing.,anger,10.25
10187,@deshbhakthoon always unhappy and easily offended.,anger,8.51
10188,"@SusanHensThe shameful display I watched today has left me reeling with so much anger dt I feel like exploding, those clowns should watch it",anger,10.25
10189,All hell is breaking loose in Charlotte. CharlotteProtest  looting,anger,10.25
10190,When you've still got a whole season of Wentworth to watch and a stupid cunt in work ruins it for us ðŸ˜­ðŸ˜­ @__KirstyGA  oldcunt,anger,10.25
10191,Half of Epicenter is shut down its police all over y'all I just burst out in tears this is fucking terrible KeithLamontScott,anger,10.25
10192,Not giving a fuck is better than revenge.,anger,10.25
10193,@winksahoy we about to get shit on by the wrath of winter out of nowhere,anger,10.25
10194,@GrxjicTank WHY though! Why did u want to offend Americans?,anger,10.25
10195,@RealBD_ @ReyesAverie 47 unarmed blacks killed by white cops in 2015. That many die every month in Chicago wheres the,anger,10.25
10196,@CI  I don't think Monalisa has respect for anyone but herself! I think she'll ruffle a few feathers. TheJail,anger,10.25
10197,@DPD_UK I asked for my parcel to be delivered to a pick up store not my address  poorcustomerservice,anger,10.25
10198,Thought the Xbox one s madden bundle would come with a physical copy of madden not a codeðŸ˜´ it's gonna take fucking forever to download lol,anger,10.25
10199,@canada4trumpnow @donlemon he has BAD TEMPERAMENT  HissyFits,anger,10.25
10200,My blood is so bitter for satan to test becouse cleanse by the blood of Jesus christ....amen.,anger,9.03
10201,The new gun emoji in iOS10 is not enough to show the anger I have towards a number of things.,anger,10.25
10202,@BigBrother__USA she is just jealous and a cry baby! bitter gladsheisgone crybaby,anger,9.31
10203,I just wanna know why there's no outrage for black on black crime and no one knows those victims but BLM is out to kill cops based on media,anger,10.25
10204,Forever angry that gh ruined Molly and morgan's bond/friendship bitter,anger,10.25
10205,Spurs radio commentator referred to Mauricio Pochettino as 'MoPo' and I felt a sudden surge of rage.,anger,10.25
10206,@sueblue35 @nsoz7 @immortalbulldog huh? We have a sprint coach? We're the slowest team in the comp. Talk about robbing a living. outrage,anger,10.25
10207,Can't believe I've only got 2 days off left ðŸ™„ backtoreality raging,anger,10.25
10208,@Austin4evaLEEDS fuming!,anger,10.25
10209,Taking a break from the wedding to rage at the general stupidity of certain people on the internet.,anger,10.25
10210,Ever put your fist through your laptops screen? If so its time for a new one lmao   hp,anger,10.25
10211,â€¢My brother grabbed me in a aggressive manner and as always @ImpetuousFiend threw tantrums like a kid only knowing how to express himself--,anger,10.25
10212,"Don't join @BTCare they put the phone down on you, talk over you and are rude. Taking money out of my acc willynilly!",anger,10.04
10213,"@Casper10666 I assure you there is no laughter, but increasing anger at the costs, and arrogance of Westminster.",anger,10.04
10214,"People need a way to escape,escape what?This corrupted world.This reality. This joke.This fury of constant pain &amp; stress.We need a vacation",anger,10.04
10215,I love my black people..... I really really do. But .... my people really do irritate the living hell outta me all cause I'm different. ðŸ˜‘,anger,10.04
10216,I don't talk about politics because people nowadays get offended easily!,anger,7.59
10217,@MannyM83 @DareToReagan oh yeah. I HATE the air raid and I don't like the Oregon/Baylor offense and I'm not a fan of the ole miss one either,anger,7.48
10218,"@AskPS_UK not received verification email, asked for it to be resent 5 times still nothing.",anger,10.04
10219,Unbelievable takes 10 minutes to get through to @BarclaysUK then there's a fault and the call hangs up  treatcustomersfairly,anger,10.04
10220,"@Will_0004 No justification for shooting without provocation, even if the person has a bad history. Justification is not the way to go",anger,10.04
10221,I genuinely think I have anger issues,anger,10.04
10222,@judy_that Im honestly offended,anger,10.04
10223,Michelle is one of the worst players in bb history bb18 bbfinale bitter,anger,10.04
10224,I'm so annoyed/sad YouTube is burning itself to the ground ðŸ™„ðŸ™„,anger,10.04
10225,"How can I tell Happy Anniversary, when u are not happy.. bitter ampalaya paitpaitanangpeg",anger,10.04
10226,Just paid for chicken at @panerabread and didn't even get any ðŸ˜‘ðŸ˜‘ðŸ˜‘ there goes 4 dollars and me as a customer,anger,10.04
10227,"Never forget that 5Live cancelled programs, to allow them to extend 606 so people could call in and detail their outrage after our behaviour",anger,9.56
10228,When someone rudely says all women should have long hair and your inner feminist tries not to rage,anger,10.04
10229,"Absolutely raging at the changes to CAS, what a joke",anger,10.04
10230,Girls irritate me so much lol,anger,8.47
10231,@LickMeLucas ...I'm waiting for you to figure out I'm like... from 0 to 100 real quick with the irritation.,anger,10.04
10232,@xxmariab listen yh don't provoke me cos I'll make you cry,anger,10.04
10233,@luxbet Did you even give out any pizzas ? Serious fail hungry furious hangry,anger,7.27
10234,Bloody parking ticket ðŸ˜’ðŸ’¸,anger,9.43
10235,@DFSCare apparently you are to contact me. Sofas were meant to be delivered today. Old ones gone. Sitting on floor. No sofas!,anger,9.43
10236,@ThomsonCares Sam- yes we have! Not helpful at all! We need this sorting ASAP! You keep promising stuff that doesn't happen!!!!,anger,9.43
10237,"They're like the rape apologists who (inadvertently?) make men sound like rabid, mindless beasts. With friends like these...",anger,9.43
10238,And she got all angry telling me 'but what would be doing a 40 year old guy looking for a girl like you' and I felt offended,anger,9.43
10239,@aGirlHasNo_Name @MdlMurray shot by black police woman Typical looney toon thinking. Hillary divide  chaos,anger,9.43
10240,"@UnitedFrontRev @JuanDeznuts @LucidHurricane_ sex offense happens across ALL races, cultures, and creeds &amp; they should be castrated",anger,10.29
10241,@JasonMillerinDC @realDonaldTrump Prudence suggests that a 8+% bump over 2-3 weeks should be viewed with SKEPTICISM. Media/HRC axis angry,anger,9.43
10242,@lesyoung01 a rabid dog being ridden by the child who has eaten all the flesh off one fellow and the limbs of the other adults.,anger,9.43
10243,@TheOneSoleShoe that is one thing but attacking and hating is worse - that makes us just like the angry vengeful behavior we detest,anger,9.43
10244,Delete this shit Josh just screenshotted my snap me,anger,9.43
10245,Can someone make me a priority list of which things I should be outraged at + in which order? outrage racism animalrights abortion cops,anger,9.43
10246,@CorbettBarr @pjrvs @brianclark true. Just me spitting venom because I'm still bitter with Stripe. Like an old man yelling from his porch.,anger,9.43
10247,i will never watch greys anatomy ever ever ever ever ever again if Shonda Rimes takes away another OG characterâ˜¹ï¸â˜¹ï¸â˜¹ï¸â˜¹ï¸â˜¹ï¸â˜¹ï¸â˜¹ï¸â˜¹ï¸â˜¹ï¸â˜¹ï¸ fuming,anger,9.43
10248,I wonder what would happen if I were to tell some people the truth savage uhoh angry,anger,9.43
10249,"You will never find someone who loved you like I did. And that my love, will be my revenge.",anger,9.43
10250,A @FirstBSA not turning up? Why am I not surprised. Late for work again!,anger,9.43
10251,"If you be angry, which may be the case, &amp; which may be unavoidable, see that the sudden excitement does not become sin. AlbertBarnes",anger,9.43
10252,@lemonlover666 'shit' doesn't even begin to describe these fiery little demons straight from hell ðŸŒðŸŒš ;),anger,9.43
10253,I am just so bitter today ðŸ˜,anger,9.43
10254,@Hoopdawg87 @MickThePerm Meanwhile white cops keep killing black people. But there's less outrage about that. Strange society that.,anger,8.20
10255,@cc_yandian @HillaryClinton her team must draw from a hat for daily personality drugged angry yeller quiet screamer ðŸ˜‚ðŸ˜‚,anger,9.43
10256,Heading home to cut grass in the heat. All I wanna do is go out to eat somewhere air conditioned. pout AdultingIsTheWorst,anger,9.43
10257,OOOOOOOOH MY GOD UUUUGGGGHHHHHHHHH rage,anger,9.43
10258,i will never watch greys anatomy ever ever ever ever ever again if Shonda Rimes takes away another OG characterâ˜¹ï¸â˜¹ï¸â˜¹ï¸â˜¹ï¸â˜¹ï¸â˜¹ï¸â˜¹ï¸â˜¹ï¸â˜¹ï¸â˜¹ï¸,anger,9.43
10259,@saclivin @MrsCagg specific &amp; intentional way. And part of that intention is to provoke conversation around systemic racism towards blacks.,anger,9.43
10260,@alyssasimpson21 I gave up KENDRICK LAMAR to eat barbecue with him. bitter,anger,9.43
10261,@lynnew69 then he said talking about wills uncontrollable animals when moving to another link. These comments do not help!,anger,9.43
10262,@alicehouston18 sorry I'm just angry my drone flew away,anger,9.43
10263,@carefreeash_ id be fuming,anger,9.43
10264,@xandraaa5 @amayaallyn6 shut up hashtags are cool offended,anger,9.22
10265,@StarklyDark 'I know you trusted me.' His words were soft as he ignored the anger and focused on the hurt beneath. 'I know I screwed up.' --,anger,9.22
10266,I wonder what American city will be next to protest about police shootings. Who's next? Smh. whenwillitstop  howmanymoretimes,anger,9.22
10267,Why mfs so bitter,anger,9.22
10268,"im on holiday for the next round, fuming!",anger,9.22
10269,Did we miss the fact that BurkeRamsey swung &amp;hit his sister JonBenet in the face with a golf club previously out of a fit of anger?,anger,9.58
10270,@nytopinion  The point of voting for Trump to push all the pieces off the board game like an angry toddler? Wreck everything for everybody?,anger,9.22
10271,"Like if you aggravate me constantly, byeeeeeeee",anger,9.22
10272,"@Lexual__ @jdspielman10 RIP to the 100s of black men,, women,CHILDREN killed in Chicago. Where is the outrage?",anger,9.22
10273,Inpouring this letter we are dying over against subsist checking quaint virtuoso ways toward fine huff yours l...,anger,9.22
10274,hitting your children as discipline because you're being quite a raging hypocrite if you're not.,anger,9.22
10275,sorry im so bitter i just. i either want a pure ur or literally any card from the sets i like but every time i draw for the sets i like&gt;,anger,9.22
10276,@DanRather What King says doesn't matter. The fact he came w/ psycho Don is by far more of an affront.,anger,9.22
10277,@JuliaHB1 Bloody right,anger,9.22
10278,i have so much hw tonight im offended,anger,8.39
10279,Like hello? I am your first born you must always laugh at my jokes. offended,anger,9.22
10280,"the outrage has passed and has been replaced by a mute, fatalistic acceptance of the current situation.  fatalism",anger,9.22
10281,Have wee pop socks on and they KEEP FALLING OFF INSIDE MY SHOES,anger,9.22
10282,and apparently he's supposed to have a Scottish accent??? I'm offended,anger,9.22
10283,"seek to conduct attacks against Israel, intended to provoke a reaction that would further inflame feeling within the Islamic worldâ€. â€¢",anger,9.22
10284,Lost Frequencies/Janieck Devy - Reality (Gestort Aber Geil Remix)' is raging at ShoutDRIVE!,anger,9.22
10285,@EagleGiles23 @tgilmore_92 what I miss? outrage,anger,9.22
10286,"@AllegedLowbrow It's 'Eye-for-Eye'. Indian Army never forgives, Never Forgets. They always take revenge, Pakistan breaks laws, I.A follows",anger,9.22
10287,Worst juror ever? Michelle. You were Nicole's biggest threat.  bb18,anger,9.22
10288,luv seeing a man with a scowl on his face walking with a protein shaker clenching his fists. i immediately stop n suck his dick,anger,9.22
10289,Fake people irritate me,anger,9.22
10290,Said it before and I'll say it now: America is really fortunate that black people only want equality and not revenge.,anger,9.22
10291,Anger or wrath is an intense emotional response.,anger,9.22
10292,@TaraSetmayer @oliverdarcy AA have the right of passage when it comes to the 'N' word.  Why should he insult him in his church.  Ignorant!,anger,9.22
10293,if we let that in id be fuming poor keeping,anger,9.22
10294,"@LynneGarrison yeah, I've only seen that floated online as a theory, it was probably made up by a bitter stan. I ignore pets v vets crap too",anger,9.22
10295,"@SkyNews when the East wind blue in summer in Durban, S Africa, we still surfed and got stung badly! Must be carefull-A sting can harm you",anger,9.22
10296,@LisaAsquithtobe @craig8710 @WayneHaselden @june65wigan everyone is against wigan because we are the biggest club bitter,anger,9.22
10297,"Because it was a perfect illusion, but at least now I know what it was. angry ladygaga iscalmingmysoul",anger,9.16
10298,Candace &amp; her pout are getting right on my tits GBBO,anger,9.22
10299,@johnaugust @clmazin I was so looking forward to @ABCDesignated. Then it opened with a stuartspecial. I literally yelled at my tv.,anger,8.11
10300,BANG! Gordon Brown has been accused of abusing a gazillion rabid parrots!,anger,9.22
10301,"Petition for non-Maghrebi PoC to stop buying 'couscous' from white grocery stores and boiling it. That is not couscous, that is trash.",anger,9.22
10302,ESPN just assumed I wanted their free magazines offended,anger,9.02
10303,Yo there's a kid on my snap chat from LA &amp; they get high off helium gas lmao.... I am like why the fuck lol,anger,9.02
10304,.@RepDelBene: 'Today's proceedings and the entire process is an insult to our constituents.',anger,9.53
10305,@serendipity127_ @zombiecalorie @Angel_Eyes66 I'm sensing a theme here tho lol angry,anger,9.02
10306,@kingcharles9th i Lowkey forgot you had twitter and if you don't follow me back im gonna be offended,anger,7.01
10307,... flat party and I instantly get bollocked about it.,anger,9.02
10308,@everycolorbot more like every color looks the same triggered colorblind offended,anger,9.02
10309,.@DIVAmagazine than straight people. Even the arse straight guys who think that means a threesome is fine.,anger,8.37
10310,"@DouthatNYT @jbouie @DamonLinker Yes, it is bad to point out racism lest it provoke the racists.  Some racists do indeed not like it.",anger,9.02
10311,@Deadspin @jrzy_boy This is about him being left off because they wanted to play a heavier game. We needed his offense tho. Amongst others.,anger,9.02
10312,@Idubbbz @LeafyIsHere  I am offended,anger,9.02
10313,"@aroseblush Hello ! The bigger the bully, the more crocodile tears. Bullies always act like offended victims.",anger,9.02
10314,@IrishTimesPol @IrishTimes Irish citizens boiling drinking water in 2016 leaves one foot firmly in the bog!,anger,9.02
10315,Candice's pout is gonna take someone eye out mate! GBBO,anger,9.02
10316,I've always had a weird grudge against stingrays ever since one killed Steve Irwin.,anger,9.02
10317,@jwolfie_ why you gotta use the dark skin emoji offended,anger,8.45
10318,I'm not saying he might be like big foot but it might be like natural biological father says blood boiling if he cross,anger,9.02
10319,"I really really resent having to go to bed at a sensible hour, you guys. I WANT TO TALK TO MY PEOPLE.",anger,9.02
10320,"@NM_NickNocturne Incentivise people to roam the Internet being morally offended, as if they didn't do it enough already.",anger,9.02
10321,not to be That Personâ„¢ but i get bitter seeing some ravi stans,anger,9.02
10322,"@Darren_Hammer amen, nothing personal mate, just tired of all of the complaining from our fans, it's Been a relentless tirade of misery",anger,9.02
10323,Michelle is one of the worst players in bb history bb18 bbfinale,anger,9.02
10324,Dear Indians..It is hard to swallow this but for once try to swallow this bitter pill...that is.. Pakistan is number one in Test cricket!!!,anger,9.02
10325,"A little nose irritation and a little more chills on my body. I'm so not into flu, into flu, into flu FallSongs",anger,9.02
10326,"I am real sjw, I will not let america down I have found us, now go and get us I let it out and I let it in I rage I lol @SergioSarzedo",anger,9.02
10327,Connivers blind to existential fury,anger,9.02
10328,guys irritate me,anger,9.02
10329,firsttweetever sippin hotchocolate wondering why I finally gave in &lt;3 haha hellloooootwitter - ...its because facebookisforfamily rage,anger,9.02
10330,@eNCA what they should be doing is directing their anger to the thieves in government...corruption FeesMustFall,anger,9.02
10331,Need a new outlet for rage,anger,9.02
10332,@swagalini ive been through the denial and anger i am in pure acceptance,anger,8.11
10333,"@SapientSoldier timid but determined version of the rabid beasts beyond the land. Growling beneath my restrained breath, I //rip// myself --",anger,9.02
10334,I'm not used to pretty girls that use curse words to express their anger. I just feel like I'm a little bit surprised and turned off as well,anger,9.02
10335,@TzumiXIV huff puff,anger,8.39
10336,Hell hath not fury like a hamstring cramp. ouch,anger,9.02
10337,"Actually be arsed with my sister sometimes, she controls the TV 90% of the time and when I watch one thing she gets in a huff ðŸ™„",anger,9.02
10338,@fireemblemlord it's the first expac since wrath that feels like a proper 'evolution' of the game for me,anger,9.02
10339,@Thebeast_ufc what happened to the suicide tweet it was a joke obviously how could that offend anyone?ðŸ¤”,anger,9.02
10340,@paulkrugman relentless echo chamber - negative comments with lots of reverb. Typical bully behavior.,anger,9.02
10341,when you find out the initiative isn't even a thing ðŸ˜§ revenge,anger,9.02
10342,@djddueces jojo at 12:30 and not midnight lets rage WRYYYYYY,anger,9.02
10343,"I'll happily be rude to people who personally insult me unprovoked, they deserve it ðŸ‘ Just as good people deserve respect",anger,8.41
10344,That AK47 leave your spine with a frown,anger,8.41
10345,come on let's make em hate ðŸ˜˜make em pout they face ðŸ‘¿ðŸ˜©.,anger,8.41
10346,Recommended reading: Prisoners of Hate by Aaron Beck anger,anger,8.41
10347,@Alanafergusson snap meee,anger,8.41
10348,@KimLy resent,anger,8.41
10349,Forever angry that gh ruined Molly and morgan's bond/friendship,anger,8.41
10350,disgracefulesin I resent all men in some way; for some or no reason at all. esinscountdown,anger,8.41
10351,@TillTheEndMMVI I accidetly dumped boiling water my myself ðŸ˜«,anger,8.41
10352,"@ggreenwald Smh, remove ideologically bankrupt and opportunistic establishment now. They're burning all bridges and social contracts.",anger,8.41
10353,As usual disappointing offense by @HoustonTexans ...Texans,anger,7.38
10354,"@mdivincenzo9 he's stupid, I hate him lol",anger,8.41
10355,@PuseLepuru it's the irritation of not having found the corpse,anger,8.20
10356,never make a decision when you are .. angry &gt;_&lt; .... and never make a promis when you are happy :) :*,anger,8.41
10357,@girlsreallyrule Both Trump + King are relentless self-promoters who don't give a rip about anyone else. A perfect match for both Donalds.,anger,8.41
10358,@coltonflurry @StrangeFacesLA I cancelled by CBS all access live feeds before JC even said Vic won AFP. Paul.should have won IMO bitter,anger,8.37
10359,whenever I put 'I wanna be adored' on my brother alwayss sings 'I wanna be a dog' instead just to irritate me,anger,6.55
10360,@johnaugust @clmazin I was so looking forward to @ABCDesignated. Then it opened with a stuartspecial. I literally yelled at my tv. umbrage,anger,8.41
10361,I don't get what point is made when reporting on Charlotte looting @CNNAshleigh. Why not explore what looting businesses symbolizes outrage,anger,9.26
10362,@ArcadianLuthier -- taking out his feelings on Kei unfairly. His lips form a frown as he tries to walk away.,anger,8.41
10363,@laura221b I've left it for my dad to deal with ðŸ˜‚ My work is done as soon as it's felt the wrath of my slipper ðŸ˜·,anger,8.41
10364,"Leave it on there, rule,nimber 1 of carpet cleaning!!!  worsethananatomicbomb accidentlyspillbeeronthecarpet",anger,8.41
10365,@m_warner21 Yikes. The wrath of Maddie...,anger,8.41
10366,@Nigerianscamsss @TrillSmith you think I came back to twitter and not ruffle a few bushes? Tuh.,anger,8.41
10367,.@LEAFYSZERKER @markiplier is that an insult? Sounds like a job well done. it's red so it's done the job it was suppose to do justsaying,anger,8.41
10368,Hudcomedy AdamRowe  insult Slutfaceshlongnugget,anger,8.41
10369,I need some to help with my anger,anger,9.34
10370,"@CBSBigBrother never bring back Meech and Bridgette. Crying because someone looks at you? Ugh, and Bridgette. bitter",anger,8.41
10371,Hey folks sorry if anything offensive got posted on here yesterday my account got hacked. All fixed now though. I hope :-/  annoyed,anger,8.41
10372,Now it's time to remove CB from the team somehow. Screw it. Rip the Band-Aid off. It'll sting for a bit but everyone will get over it.,anger,8.41
10373,Candice's pout gets more preposterous by the week. This week it's gone a bit Jack Nicholson's Joker. GBBO,anger,6.13
10374,@keithboykin unfortunately it won't end there... followers of whichever candidate isn't elected will throw tantrums. No winning this elec,anger,8.41
10375,@cc_yandian @HillaryClinton her team must draw from a hat for daily personality drugged  yeller quiet screamer ðŸ˜‚ðŸ˜‚,anger,8.41
10376,Candice's standing pout face aggravates me every week,anger,8.41
10377,Think I really broke young bull hurt ðŸ˜‚ðŸ˜‚ðŸ˜­ðŸ˜­ u can tell by how bitter and mad he is ðŸ˜ŠðŸ˜ŠðŸ˜©ðŸ˜©,anger,8.41
10378,@OstinOng YUUUHH ðŸ™„ðŸ˜­ plus clin ep and prevmed ugghhh hahaha bitter,anger,8.41
10379,"@HebertofNH any time a man who got paid to throw temper tantrums speaks up, you gotta listen.",anger,8.41
10380,"As if he heard my thought on the ether, my ex has just posted facebook pic of himself snuggling up with said cats... now Im just angry",anger,8.41
10381,don't provoke me after letting me down !,anger,8.41
10382,could never be a angry drunk lol yall weirdos just enjoy your time,anger,8.41
10383,"Yet we still have deaths, road rage, &amp; violations on the road, despite a widely accepted concept of 'personal accountability' while driving",anger,8.41
10384,"@SiobhanSynnot  Oh, good God. Quentin Letts is doing one of his 'comedy' turns. angry @bbcthisweek @afneil BBCTW",anger,8.20
10385,@Trump_Videos she looks completely rabid @realDonaldTrump,anger,8.20
10386,Inner conflict happens when we are at odds with ourselves. Honor your values and priorities.  innerconflict conflict values,anger,8.20
10387,"EpiPen: when public outrage occurs, expand PAP Patient Assistance Progrm, coupons,rebates .@GOPoversight @OversightDems on Mylan Epipen",anger,8.20
10388,Imagine the twitter fume if Corbyn loses the election and then Smith leads Labour to a worse result than suggested under Corbyn.. Imagine??,anger,8.20
10389,"@BosNaud so scared to ruffle feathers, he resorted to writing in cryptic code. UncleCamsCabin",anger,8.20
10390,"Didn't think Cadres not Getting SRC deployment would make some Cadres so bitter, Ku tough Macom.",anger,8.20
10391,I miss doing nothing someone I care about and attacking their face with kisses. foreveralone bitter ðŸ˜©,anger,8.20
10392,That grudge you're holding keeps making an appearance because God wants you to deal with it.,anger,8.20
10393,@arppaul @chetanlfc @mannkakhiladi @dey_spandan @umeroffcial  Comparing Akshay Sir with this zandu balm is an insult to Akshay Sir.,anger,8.20
10394,ðŸ”¥Anger is the acid that can do more harm to the vessel in which it is stored than to anything on which it is poured.ðŸ”¥ anger   ~Mark Twain,anger,8.20
10395,"If I spend more than Â£10 in shimmy on Â£1 drinks I'll be raging, but we all know it's gonna happen",anger,8.20
10396,I have a rage rage ep 2 coming out soon I'll keep you posted on it YouTube youtubegaming rage,anger,8.40
10397,"@iamsrk what's up w the gender bias? indignant This fancypants saddler's daughter will opt for the leather jacket, thank you very much.",anger,8.20
10398,When your sister is 19 and throws legitimate temper tantrums just to get attention..,anger,8.20
10399,@luxbet Did you even give out any pizzas ? Serious fail hungry  hangry,anger,6.40
10400,This provocation sets off a curiosity. An entity is feeding fuel to the fire. speaking quatrains. Hmmm America needs to be vigilant now,anger,8.20
10401,@PatVPeters @FreeBeacon Quite the response of retaliation from Weiner in getting revenge on Huma &amp; Hillary 'clam digging'. AllScumbags,anger,8.20
10402,I guess bradangelina &gt; anger &gt; blacklivesmatter,anger,8.20
10403,Now that I have my ex's number now its time to prank him. revenge prank whatprankIshoulddo seriously what prank I should I do,anger,8.20
10404,"Do not despise the Lord â€™s discipline, do not resent his rebuke, because the Lord disciplines those he loves... Proverbs 3:11-12",anger,8.20
10405,Guy across from me in a really ugly suit cannot stop expressing his displeasure,anger,8.20
10406,Some moving clips on youtube tonight of the vigil held at Tulsa Metropolitan Baptist church for TerenceCruther justice anger sadness,anger,8.20
10407,I think I must scare my coworkers when I'm eating like a rabid animal on my breaks srry,anger,8.20
10408,@JuliaHB1 Bloody right fume,anger,8.20
10409,@RoyEnglish roy as fiery,anger,8.20
10410,Why a puerto Rican with Taino hair and a black nose gotta ruffle your targeted feathers?,anger,8.20
10411,@JasonMillerinDC @realDonaldTrump Prudence suggests that a 8+% bump over 2-3 weeks should be viewed with SKEPTICISM. Media/HRC axis,anger,8.20
10412,Listening to Joey really helps me and my anger.,anger,8.20
10413,@kerrybowen_ you have anger issues!,anger,8.20
10414,i can't believe they're all messing up my favourite of all bakes i feel personally offended,anger,8.20
10415,I think they may be offended,anger,8.20
10416,@ashleighjessica @zacflint1 I'd give that pout the firm D,anger,8.20
10417,I am using twitter as a coping mechanism for raging out at this kid oops?,anger,8.20
10418,@AgentTinsley I believe that's what you call the fury of the righteous.,anger,8.20
10419,Ok but I just got called a 'White Devil' on the train and I didnt know whether to laugh or be offended,anger,8.04
10420,india will take revenge  by making 3 new movies like phantom and they will be like ghus_k_maren_ge this is how indian army take revenge,anger,8.20
10421,@cxmbeferre so you WOULDNT date me????? offended,anger,8.14
10422,Drop Snapchat names bored snap swap pics,anger,8.20
10423,Damn our offense is a mix bag of unpredictable lethal weapons I'm worried for Defense Coordinators ðŸ˜ Chargers Boltup Recharged,anger,7.59
10424,the bee sting still suck i feel sick,anger,7.59
10425,I just love it when people make plans for me without actually including me in this process,anger,7.59
10426,"@healeyraine I'm offended, I actually am",anger,7.59
10427,pressure does burst pipes ðŸ˜­,anger,7.59
10428,"@voguemagazine, did you not learn from @FreePeople 's viral insult to ballet? Stop trying to wrongfully stick models into pointe shoes ðŸ™„",anger,7.59
10429,@realDonaldTrump: No sense in taking out your wrath on innocent people because you think police shot an innocent man. MakeAmericaSafeAgain,anger,7.59
10430,@GriffinBowie23 @AliMcClimond sorry to offend u griffin!!,anger,7.59
10431,@JohnKerry can be as indignant as he wants but the world knows Obama will do nothing and Putin will just do what he wants Aleppo Syria,anger,7.59
10432,"@sarah_urbina why do you even beef Sara you let the anger get the best of you, you and Sagin been friends for how long?",anger,7.59
10433,"@lydss_xx @tharealversace @fatbellybella fuckin luv incense, this is me as fuck ðŸ˜‚",anger,7.59
10434,I screened my own snap what kind of narcissistic ass would smh,anger,7.59
10435,I don't even feel anger anymore can't explain it .. Tulsa Charlotte Trayvon SandraBland Philando Ferguson BatonRouge MichaelBrown,anger,7.59
10436,@Freepenalties @TMortimerFtbl Doll is a vile creature on the touchline. Every game he has tantrums &amp; shouts at the ref. Would love to see,anger,7.59
10437,@jwolfie_ why you gotta use the dark skin emoji,anger,7.59
10438,jamming out to fury in math class wanting to die hbu,anger,7.59
10439,"So I wished my sis 12 midnight but received no reply from her. My 2nd sis JUST wished her, got a reply. You know who's the fav offended",anger,7.59
10440,@evanareteos :)) im now writing abt the changing face of sex industry in tr :))) now men will talk to me then! revenge,anger,7.59
10441,can't believe Achilles killed me!,anger,7.59
10442,"@a_mxe7 hah don't speak to me or my cousin like that, mind a had the displeasure of seeing u bare faced on eh train, no a pretty sight mate",anger,7.59
10443,Indignation: [whispers to date during that terrific Lerman/Letts centerpiece scene] That's his overwhelming sense of indignation.,anger,7.59
10444,"@CBSBigBrother never bring back Meech and Bridgette. Crying because someone looks at you? Ugh, and Bridgette.",anger,7.59
10445,@trendykittykat Some people would rather hang on to their indignant anger. *weary sigh*,anger,7.59
10446,@VerizonSupport thanks for saying My wife and I were getting our iphones today and then losing both of them with no ETA thanks,anger,7.59
10447,Thatmoment you're watching worstcelebritycooks and your bubble is burst by finding out KyleXY is gay and marriedðŸ˜­ nochance KindaDontMindðŸ˜‰,anger,7.59
10448,Women don't like girls because we resent them for looking so great/we wish we still looked like that  washed,anger,7.59
10449,Hey folks sorry if anything offensive got posted on here yesterday my account got hacked. All fixed now though. I hope :-/ angry annoyed,anger,7.59
10450,"@IndigoHawthorne Then u understand that rage is often not pretty, or controlled or rational - it is often visceral-not always logical.",anger,7.59
10451,"My leg feels like it's gonna burst, yet I'm still expected to go into work:):)",anger,5.33
10452,"The best revenge is to move on, get over it, and continue to succeed. Never give someone the satisfaction of watching you suffer.",anger,7.59
10453,Get to work and there's a fire drill. fire  outthere inthedark,anger,7.59
10454,@LaraTheIrish &lt; feel everything. She would remember everything. Evanora hoped this would serve to fuel the creatures anger and run rabid &gt;,anger,7.59
10455,@Kim_is__bored exactly what I have been saying on fb.. bitter,anger,7.59
10456,Get to work and there's a fire drill. fire burning outthere inthedark,anger,7.59
10457,@simon_penn_r @AntisocialJW2 has turned into a rather fiery GG radical),anger,7.59
10458,"significantly, with a bitter smile, 'let me",anger,7.59
10459,@MetPoliceFC is it true none of your players are cops? Do they drink chilled bitter? Are your players Walter Mitty types? @KeviboyAllen,anger,7.59
10460,Brendan Rodgers looks fuming ðŸ˜­,anger,7.59
10461,"@ChronAVT ummm, the blog says 'with Simon Stehr faking 7th'...I'll expect an investigation forthwith. This is an",anger,7.59
10462,My baskets are better when I'm in a bad mood someone irritate me before practice please,anger,7.59
10463,Be chill af if you want to offend someone.,anger,7.59
10464,@DRUDGE_REPORT @FoxNews good thing the FBI didn't offend them!,anger,7.59
10465,you know cyran still hasn't done makeup based on jeongguk's tiddy like i suggested and i'm offended,anger,7.59
10466,@danrafaelespn no Tyson fury beat the man who been at top for years Danny Garcia should be above Bradley pacquaio frampton,anger,7.59
10467,"So I wished my sis 12 midnight but received no reply from her. My 2nd sis JUST wished her, got a reply. You know who's the fav",anger,7.59
10468,"@m_t_f_72 I'm not surprised, I would be fuming! ðŸ˜¤",anger,7.59
10469,oh these old things on my face? nah they're not tears from school related anger and frustration nope never,anger,7.59
10470,British humour should offend and challenge mainstream views. Hat off to Clarkeson. The ultra left should go and kneel before Allah!!,anger,7.59
10471,I need all your attention! If I don't I'll pout..,anger,7.59
10472,@AudreyKare i'm like half expecting some rabid troll to come into my mentions accusing me of being a csa apologist or something lmao,anger,7.59
10473,"Because it was a perfect illusion, but at least now I know what it was.  ladygaga iscalmingmysoul",anger,7.59
10474,Puzzle investing opening portland feodal population is correlative straight a snorting infuriate: XLzjYhG,anger,7.38
10475,"@len_snart gives a frustrated growl, before stepping closer and putting his gun through the barrier. No alarms and nothing happened. He-",anger,7.38
10476,@AaronGoodwin seriously dude buy some bubble tape for your phones. snap broke another phone,anger,7.38
10477,When you forget to mention you were bought dreamboys tickets ðŸ™„ðŸ˜‚ raging,anger,7.38
10478,Now that @Jasmine_Wrn has snapchat back it's a constant battle to see who can get the ugliest snap of one another ðŸ˜‚ðŸ™ƒ snap survival,anger,7.38
10479,Nick said he's territorial and he'll growl if someone gets too close to me hesananimal,anger,7.38
10480,"I don't mean to offend anyone, but 93.7 literally blames everything on white people. In some cases it's true, but a lot of times, it's not",anger,7.38
10481,He totally knew about it'. Trump finally gets revenge for his son-in-law's prosecution/imprisonment and throws Christie under the bus.,anger,7.38
10482,Inner conflict happens when we are at odds with ourselves. Honor your values and priorities. anger innerconflict conflict values,anger,7.38
10483,Are belittling kitty straight a service? provoke lift aboard!: Wycelv,anger,7.38
10484,@EAMaddenNFL @EASPORTS I played a game where John Elway was sacked 3x and fumbled all 3x. Is this the same John elway I know of??? madden,anger,7.38
10485,And she got all angry telling me 'but what would be doing a 40 year old guy looking for a girl like you' and I felt,anger,7.38
10486,@BearGrylls for your next series will u do a celebrity firefighting show and just chuck them all in a burning building and do the voiceover?,anger,7.38
10487,Like I can't do 12 hours worth of standing or calorie burning in 3 hours ðŸ˜­ðŸ˜­ðŸ˜­ðŸ˜­ 1stworldprobs4vs,anger,7.38
10488,Before revenge you feel good after revenge you feel worse ðŸ’¯ @HillaryClinton,anger,7.38
10489,I wonder what would happen if I were to tell some people the truth savage uhoh,anger,7.38
10490,Take public opinion on revenge with Pakistan if govt is unable to decide. @aajtak @TimesNow @narendramodi,anger,7.38
10491,@cxmbeferre so you WOULDNT date me?????,anger,7.38
10492,the teams that face Barca and Bayern after a defeat are the ones who face the wrath,anger,7.38
10493,I just don't understand why everyone is so angry we all just want to live and thrive don't we?,anger,7.38
10494,"@kitanoye Hell is hot and boiling, isi ewu",anger,7.38
10495,welfarereform should not be a 'model' for snap.,anger,7.38
10496,@HillaryClinton Yeah U gotta make them HEEL. I know U need their votes so U have to wait. But when U LOSE-they're really in for your wrath !,anger,7.38
10497,Well @AprilDRyan Trump's rabid base needs 2 hear this &amp; U can always find an overseer like King to say it. @JoyAnnReid @SMShow @frangeladuo,anger,7.38
10498,Skipping meals is the national way of showing disappointment and anger. wiz,anger,7.38
10499,streets of rage 2 was hard to find for a while and then Itunes stepped in and the guys doing the vinyl  made it so simple,anger,7.38
10500,@paulbushnell25 @EE bad news if ordered online it hasn't gone through same happened to me had to re order on the phone,anger,7.38
10501,"@UltimateBoxer My heart because you left me for so long again  *slight pout but it turned to a smile*  heheh just kidding, no I'm fine-",anger,7.38
10502,why are people so angry toward veggie burgers at in n out wtf,anger,7.38
10503,"I mean I'm not done watching the pilot, but it's nice to see a group of actors perform without story lines dripping relentless nihilism.",anger,7.38
10504,Checked-in for my flight to Toronto. Took seat 3D just to infuriate @perpetualgeek.,anger,7.38
10505,Egyptian officials expressed frustration and outrage over the Obama/Hillary administrationâ€™s support of the Muslim Brotherhood,anger,9.39
10506,@PrincessCasGirl @DaddyEllis__ tiff you better hurry cause ðŸ‘€,anger,7.38
10507,"@fleetstreetfox It's buzzing pathetically for sympathy if you let it out it will twirl it's moustache, chuckle and sting you Psychowasp",anger,7.38
10508,matt and i just did a psychological study on provocation in abusive relationships.,anger,7.38
10509,@HuffPostUK  NO greater wrath than a woman scorned.,anger,7.38
10510,@kencurtin they might get Donal Ã³g sure! They won't have him in cork as he's to fiery for dopey frank &amp; his cult,anger,7.38
10511,"@LouisFil just curious as to what you mean. No rush, no animosity, no disdain.",anger,7.38
10512,@thatomahapa the best revenge is to get yourself a good woman and move on. Leave her and her hairline to figure themselves out alone,anger,7.18
10513,"@tamriiel I was talking about further in the expansion, with more gear - fury always does well towards the end",anger,7.21
10514,Who knew softballs could sting so bad? Jimmy Fallon has been under a lot of heat for his &amp;ldquo;softball&amp;rdquo; Donald Trump interview,anger,6.54
10515,@OstinOng YUUUHH ðŸ™„ðŸ˜­ plus clin ep and prevmed ugghhh hahaha,anger,7.18
10516,@StrongestBeing â†would furrow and her face would redden as she protests; it would seem that being seen as unattractive in Wukong's eyes wasâ†’,anger,8.01
10517,Finding out my two best Fwendz are going to rage with me at @lifeisbeautiful makes this last week of no sleep extra worth it,anger,7.18
10518,Paul forever. Paul should have won! Paul played such a better game! BB18 angry,anger,7.46
10519,@marthalyssa yep. LOL,anger,7.18
10520,@AuntieSupreme @KimberlyCarole y'all found me to express yalls displeasure. ðŸ˜‰,anger,7.18
10521,@1VoiceMatters @MichaelTPremo just got wind of MenForChoice and it doesn't infuriate me. Just makes me sad for the generation.,anger,7.18
10522,Since the 'update' my @iPhone loses power nearly 40% faster.,anger,7.18
10523,The sun literally burning my skin,anger,7.18
10524,That feel when you travel 700 miles to pick up a form that arrives in the post two days after you leave.,anger,7.18
10525,@DL_Hart @DonnieDollars @AaronBiggsPro @WWENoWayJose @cwfmidatlantic How did that chop feel? You still feel the sting of it? Looks brutal!,anger,7.42
10526,Chris ate all my mac n cheese so imma eat all his taffy,anger,7.18
10527,"@thomeagle Just to help maintain and boost our status as a world class centre for education, culture and tolerance. outrage",anger,7.18
10528,Chris ate all my mac n cheese so imma eat all his taffy revenge,anger,7.18
10529,It's weird because I was discussing sex resentment and confusion in the thing I was writing last night.,anger,7.18
10530,"As if he heard my thought on the ether, my ex has just posted facebook pic of himself snuggling up with said cats... now Im just",anger,7.18
10531,Paul forever. Paul should have won! Paul played such a better game! BB18,anger,7.18
10532,@BigBrother__USA she is just jealous and a cry baby!  gladsheisgone crybaby,anger,7.18
10533,"@clarechampion @Westclarepage and peter your radio piece on off the ball was pure class , no digs , no revenge , a total balanced pro ! ðŸ‘ðŸ‘ðŸ‘",anger,7.18
10534,@coltonflurry @StrangeFacesLA I cancelled by CBS all access live feeds before JC even said Vic won AFP. Paul.should have won IMO,anger,7.18
10535,"The best revenge is to move on, get over it, and continue to succeed. Never give someone the satisfaction of watching you suffer....!!!",anger,7.18
10536,"@iStoleFreeHugs @stephlaris lol I'm happy with my negative, realistic ass self. Sorry to offend you",anger,7.18
10537,75' Tierney reaches a deep cross to the back post and plays it back across but the Alloa defence clear. Celtic relentless here.,anger,7.18
10538,Can't believe I've only got 2 days off left ðŸ™„ backtoreality,anger,7.18
10539,@vladfucker69 i look rabid,anger,7.52
10540,"@thedrepabon BLM was outraged by the shooting in NC the other day, turns out the guy pointed gun at police. Wait for facts before outrage",anger,7.18
10541,I get embarrassed at the slightest things and then I'll fret about it all day I hate it,anger,7.18
10542,@Sophiejulia @CalebAtChipotle @calebpressleyxo relentless pipe thirst sheltered,anger,7.18
10543,I don't get what point is made when reporting on Charlotte looting @CNNAshleigh. Why not explore what looting businesses symbolizes,anger,7.18
10544,Taurus will react angrily when she can't take being provoked any longer.,anger,7.18
10545,@bismahmalik .....Seems like a fight ready to rage on.....,anger,7.18
10546,@WestonKoury so leafy can roast the Pokemon go kid but not you what an outrage that just means that he is more relevant than y-I mean kisses,anger,8.11
10547,"I think Paul is what's bitter, not the pastry",anger,8.12
10548,@PatriotsInform I don't see why you think we'll have a dumbed down simplified offense with Brissett. He comes from a very complicated system,anger,7.18
10549,"After becoming boiling hot, after slowly melting, my heart is frozen.",anger,7.18
10550,@xandraaa5 @amayaallyn6 shut up hashtags are cool,anger,7.18
10551,@hoytschile fury road!!,anger,7.18
10552,Realizing that holding a grudge for long is immaturity is wisdom,anger,7.18
10553,"@BonesARP 'That is a disappointment.'  He fakes a pout, then starts to chuckle.",anger,7.18
10554,Some moving clips on youtube tonight of the vigil held at Tulsa Metropolitan Baptist church for TerenceCruther justice  sadness,anger,7.18
10555,@RegalisAzura  grasp the cobalt woman's own; which they did fairly easily. Fair cheeks would ignite into a fiery hue. Warm.. was the only,anger,7.18
10556,@billburr DirectTV is the best. Apparently you just sit in silent anger. 'Don't press or say anything',anger,6.57
10557,I believe women are more fiery because once a month they go through struggle and struggle is what develops a strong character.,anger,6.57
10558,@kingcharles9th i Lowkey forgot you had twitter and if you don't follow me back im gonna be,anger,6.57
10559,"im also definitely still bitter about the yellow ranger not being asian, but asian representation in hollywood is essentially a shrug anyway",anger,6.57
10560,Did we miss the fact that BurkeRamsey swung &amp;hit his sister JonBenet in the face with a golf club previously out of a fit of ?,anger,6.57
10561,@talkRobyn oh dear I have to watch this the woman with the pout did well,anger,7.22
10562,LIFE TIP 101. I know unresolved anger is likely to cause problems in several areas of my life. I must recognize it &amp; properly deal with it.,anger,6.57
10563,"@Sargon_of_Akkad It'll be like burning rap albums; they'll have to buy it first, but gosh darn it, they have to get rid of it.",anger,6.57
10564,@Docjp they unleashing God's wrath just as Cain did,anger,6.57
10565,@SlaveGuinevere its more of a little prick than a sting .......... but you have to come to Tennessee to get it1,anger,6.57
10566,@DeltaDomain @SawDraze @qurions dis dat nigga from fume right?,anger,6.57
10567,Projection is perception. See it in someone else? You also at some level have that within you. anger worry,anger,6.57
10568,"@SageHillfarms @HintonAlisa @hb_heather Hey, Jayme! Were yourðŸ‘‚ðŸ‘‚ burning cuz I was talking about you?ðŸ˜ Are you going tomorrow?",anger,6.57
10569,"@savageimiike one of my favorite songs brother, real talk. rage",anger,6.57
10570,Controlling anger is a sign of those righteous people promised Paradise in the Quran in Surah Al Imran verses 133-134 reward goodDeed,anger,6.57
10571,@alyssasimpson21 I gave up KENDRICK LAMAR to eat barbecue with him.,anger,6.57
10572,the 1975 are playing antichrist why won't @sundarakarma play hustle it's an outrage,anger,6.57
10573,@TDsNation I blame how broken madden is this year,anger,6.57
10574,"@MMASOCCERFAN @outmagazine No offense but the only way this makes sense is if you work for the magazine. Otherwise,who are you apologizing 4",anger,6.57
10575,Nahhhhhh @konanplaydirty snap story has got me bussing up ðŸ˜‚ðŸ˜‚ðŸ˜‚ðŸ˜‚ðŸ˜‚ðŸ˜‚ðŸ˜‚ðŸ˜‚ðŸ˜‚ðŸ˜‚ðŸ˜‚ðŸ˜‚ðŸ˜‚ðŸ˜‚,anger,6.57
10576,"@ticcikasie1 With a frown, she let's out a distraught 'Gardevoir' saying that she wishes she had a trainer",anger,6.57
10577,@skinkev let's rage,anger,6.57
10578,If i could just get my line to block! germantownbroncos lilleague popwarner Broncos usafootball  lineman,anger,6.57
10579,"@BIGGKATZ BUT arms (focused rage) is overpowered, it will be getting nerfed. It'll still be stronger than fury though",anger,7.48
10580,"@KevinI @GGGBoxing @SpecialKBrook pretty average, klitschko fury did about 600k and Joshua white did about 450k",anger,6.57
10581,"@WBIRSports They're still using his offense, up the middle 3X &amp; punt.",anger,6.57
10582,@jessebwatters lol. Love it when you aggravate Juan. Keep up the good work. Lol,anger,4.02
10583,@judahandthelion TONIGHT. Legit can't wait to rage ðŸ¤˜ðŸ»ðŸ¤˜ðŸ»ðŸ¤˜ðŸ»ðŸ¤˜ðŸ»ðŸ¤˜ðŸ»ðŸ”¥,anger,6.57
10584,"Seeing RIPShawtyLo got me thinking bout other rappers then I thought about @LilTunechi dying, and burst into tears... Smh",anger,6.57
10585,"@donna_bellav @SoniaRayS @gig_aholic He looks especially lovely. Sadly, I do not *removes potentially indignant Mr D from convo*",anger,6.57
10586,my momma irritate me asking all these questions like gone ðŸ˜¤,anger,6.57
10587,The bubble has officially burst. 98 boys to beat for the trophy and all the glory wptmain bye,anger,4.50
10588,"@Daniel_Sankey @hayleyp79 Haha.... Actually, after the Doggies I'm barracking for Anyone But GWS!",anger,6.57
10589,"@feistyarcher -trouble,' he feigned anger and gave her a look that told her to behave. He knew she wouldn't though, and that was one of -",anger,6.57
10590,@JBCrewdotcom how his own fans insult him,anger,6.57
10591,I offend u,anger,6.57
10592,np rum rage,anger,6.57
10593,Some bloke on the train who's obviously trying to provoke West Ham fans by loudly slagging off the stadium to his mate on the phone,anger,7.14
10594,welfarereform should not be a 'model' for .,anger,6.57
10595,@TheDTSB @trubble1127 @nflnetwork I agree but our offense was ass after the second half td score on the first drive,anger,6.57
10596,"@RealPaulWalker R.I.P Paul, furious 8 can't wait",anger,4.14
10597,"Trumpism likewise rests on a bed of racial resentment that was made knowingly and intentionally, long before Trump got into politics.",anger,6.57
10598,"If you let a general tweet offend you, you definitely shouldn't be on twitter.",anger,6.57
10599,"As your own lives in order to complete our amazing life journey successfully, it is there. bitter",anger,6.57
10600,@marthalyssa yep. LOL bitter,anger,6.57
10601,straight people are canoodling on the quad and I'm,anger,6.57
10602,remember when that guy got angry that i kept saying gary sanchez was the best baseball player in the world... lmao,anger,6.57
10603,"What's a Kali's kitten? [She asked, a frown curling on her fair skinned forehead as he showed her the scar] A cat did - (@ScarredTiger)",anger,6.57
10604,@everycolorbot more like every color looks the same triggered colorblind,anger,6.36
10605,My husband found out there are other rabid hockey fans like me as we waited in line 4 of the 6 window stickers were for SJ NHL/AHL hockey.,anger,6.36
10606,"@ParrishWalton @kjmgolf Also, our best assets on offense are our RB's and our WR's (longterm). Have to have an offense to utilize both.",anger,6.36
10607,@UnknownAndYoung â€” a low growl escaping him. Oh oh.,anger,6.36
10608,@RiotzXVl papercuts sting and stub ur toe last for like 10 secs,anger,6.36
10609,I've been wanting salty fries from McDonald's since yesterday and I'm burning my fingers eating them bc these shits ðŸ”¥ðŸ”¥ðŸ”¥,anger,6.36
10610,Love how Megan is raging about this Kendall Jenner photo and I'm sat here like ðŸ¤”ðŸ™ƒ,anger,6.36
10611,@josephperson Cam is still rattled from the backlash he received when he made the black QB comment and suffered the wrath of White America.,anger,6.36
10612,Because you offended by the lies of Alexandria Goddard doesn't mean that I'm Deric's friend or anything else. Purely a fishin expedition.,anger,7.07
10613,"Y'all really insult coz of soccer???  Lmao, wow!!!!!!",anger,6.36
10614,What terrible thing to see and have no vision-  Helen Keller-  -Begin with the end in mind-  Stephen Covey-   whereareugoing,anger,6.36
10615,@StarFlowerz17 @DreamerAbe bitter. Nicole and Cory is why she was evicted.,anger,6.36
10616,@rumanaa_r @DaiIyRoasts what did I do to offend you? ðŸ™„ðŸ˜­ðŸ˜‚,anger,6.36
10617,What terrible thing to see and have no vision-  Helen Keller-  -Begin with the end in mind-  Stephen Covey-  whereareugoing relentless,anger,6.36
10618,"The bitter the battle, the sweeter the victory...",anger,6.36
10619,i resent biting my tongue.,anger,6.36
10620,You can't fight the elephants until you have wrestled the pigs. quoteoftheday,anger,6.36
10621,People often grudge others what they cannot enjoy themselves.,anger,6.36
10622,@SarahMi40605180 @kaileighhxo sorry to burst the bubble but there was never any illusion ðŸ™ˆðŸ˜‚ðŸ˜‚,anger,6.36
10623,"@jaybusbee Well, not Archie. No offense but he's kinda old.",anger,6.36
10624,Scored madden 13 on vita for $20AU today.  Bloke didn't know what he had. I'd have happily paid $70 ðŸ¤‘ my only ever bargain! bargain vit,anger,6.36
10625,Now they fret about scuffs. Iâ€™ll take scuffs (whichâ€¦come in) for a phone I can use wet handed or drop in a toilet any day.,anger,6.36
10626,"If ydu yell 'fire' in a crowded theater you will burst into flames. It's a cool trick, bu: only once.",anger,6.36
10627,Congress acting indignant over the  EpiPen pricing is quite disingenuous since they craft the laws that allow such gouging!!,anger,6.36
10628,"@ToddDoug @Ziggomattic Yeah, this actually supports why I tweeted in this thread initially. Because of the article's righteous indignation.",anger,6.36
10629,@WWE is the live event Brock vs Orton 2 this Saturday on the WWE Network? If not it needs to be! :) wwe @RandyOrton @HeymanHustle revenge,anger,6.36
10630,@edquinn63 how can you even forget to pick ur fave child up from school,anger,6.36
10631,"Grateful for all the hungry people in my life! Hungry to learn, change, grow, help, etc - not sure anybody has it better!",anger,6.36
10632,@St8edge4life88 eh well i can do the sting vs cactus loser leaves wcw match at bash at the beach lol,anger,6.36
10633,@warFarePower dip it in boiling water,anger,6.36
10634,I have a rage rage ep 2 coming out soon I'll keep you posted on it YouTube youtubegaming,anger,7.02
10635,"When anger rises, think of the consequences. quote wisdom anger",anger,7.13
10636,New madden kicking ðŸš®,anger,6.36
10637,I was going to say that Rooney is a shadow of his former self but I don't want to offend any shadows. NTFCvMUFC,anger,6.36
10638,When you burst out crying alone and u realize that no one truly knows how unhappy you really are because you don't want anyone to know,anger,6.36
10639,schneiderlin taking his revenge for the 2 fouls,anger,6.36
10640,@JustinRow10 dude the new madden 17? Haha,anger,3.51
10641,you are an angry glass of vodka,anger,6.15
10642,one month til someone's bday and i think it's time to flaunt that I got them something pretty awesome revenge,anger,7.15
10643,"be strong, independant and practical. stop living in your world of fantasy. snap out of it. the faster u get used to the reality, the better",anger,4.15
10644,Time wounds all heels.   DrunkJesus rt lol wisdom quote comedy self Revenge  hate time funny politics Trump POTUS2016,anger,6.15
10645,@TehShockwave turn that grumpy frown upside-down  You did something next to impossible today,anger,6.15
10646,you know cyran still hasn't done makeup based on jeongguk's tiddy like i suggested and i'm,anger,6.15
10647,The most important thing to bestrong is to hold your anger thoughts,anger,6.15
10648,Gotta wonder why Caller Max listens to the show in the first place if you so incense him @MSignorile,anger,6.15
10649,I believe I'm gonna start singing in my snap stories on the tractor. Switch it up a little bit.,anger,6.15
10650,doing some testing with my current earth burst team,anger,6.15
10651,"If my luck the rest of Fall goes anything like today, I think I'm going to like this season. bestdayever magic work",anger,6.15
10652,"also other ppl who i love a whole damn lot; erica, joanna, tiff, sirli, harley, anja, (the rest of the gc bc i ran out of chara!)",anger,6.15
10653,"@sippycoups if it hurts too much to eat, i read somewhere that marshmallows are good bc they are soft and don't irritate",anger,6.15
10654,"â€œDo not fret if you are not cool! Humans who follow me, become instantly cool!â€ Bot",anger,6.15
10655,"@rabpeel snap, seems to be a problem here",anger,6.15
10656,burning the last of @Yan,anger,5.56
10657,Can't wait to be in my Ninja turtle costume raging at OSU again this Halloween ðŸ˜ˆ,anger,6.15
10658,"@GreyTheTick But even if I jumped through that hoop, it just takes one irate netizen to decide me playing by 'the rules' isn't enough.",anger,6.15
10659,The best revenge is massive success. â€“Frank Sinatra,anger,6.15
10660,"Despite my sharing O'Neill's article, what saddens me about the Gazza case is there seems to be more fury about the sentence than the remark",anger,6.15
10661,I need to stop second guess myself and just go with the first thought and go with it. relentless,anger,7.05
10662,We worship at Your feet Where wrath and mercy meet And a guilty world is washed By love's pure stream â€”Graham Kendrick,anger,6.15
10663,"Dear future big brother players, just chase dick all season and you too can win 500,00 dollars and an Sti bb18",anger,6.10
10664,"â€œHe who is slow to anger is better than the mighty, And he who rules his spirit than he who takes a city.â€ P16:32 bibleverse pride anger",anger,5.14
10665,"Holding a grudge on someone will stop your blessings from God ,learn to forgive &amp; forget ðŸ™ðŸ¾",anger,6.15
10666,Why does Candice constantly pout GBBO ðŸ’„ðŸ˜’,anger,6.15
10667,"@pugglelover3691 some of those haters are just taught hate and not shown love. There is a good quote that goes to your comment tiff, treat",anger,6.15
10668,Nor hell a fury like a woman scorned -- William Congreve,anger,6.15
10669,That is at least the 3rd time the balls been burst in our games,anger,6.15
10670,@stoozyboy1 @chris_sutton73 ðŸ˜‚ðŸ˜‚ Oh the zombie rage ðŸ˜‚,anger,6.15
10671,Prayers &amp; Protection to our brothers and sisters fighting in Charlotte rage against machines,anger,6.15
10672,@wcsportscamp I lol'ed.  Privileged exasperation should be bottled and sold.,anger,6.15
10673,Finally made my fury warrior guide. Let me know your thoughts,anger,6.15
10674,@evanareteos :)) im now writing abt the changing face of sex industry in tr :))) now men will talk to me then!,anger,6.15
10675,@JustPyroNow are you gonna do any kind of community raids when wrath of the machine drops?,anger,6.15
10676,"Nurse practitioner: 'you look pretty bad. No offense of course.'    Thank you, that really added that spark of positivity I needed today.",anger,7.24
10677,@dlrwills turn that frown upside down buddy ðŸ™ƒ.,anger,6.15
10678,"@SonOfTheDovah *She could sense the anger stirring within him and took his hand in hers.* As long as we stay together, we'll both be safe.--",anger,6.15
10679,and apparently he's supposed to have a Scottish accent??? I'm,anger,6.15
10680,"@PerfectQuartz She's jogging a bit to stay beside her, puffing her cheeks with a huff each time. 'Oh-- jeez Jasper, why don't you â€”",anger,6.15
10681,"@RichardHBell Yes, I think he held a grudge ...",anger,6.15
10682,I can't guess if you holding a grudge against the best',anger,7.05
10683,@JoeGoodmanJr. A solution. But the assumptions by media in articles and every other venue causes animosity to the conversation.,anger,5.54
10684,@LisaAsquithtobe @craig8710 @WayneHaselden @june65wigan everyone is against wigan because we are the biggest club,anger,5.54
10685,"@lyskoi anyway, I found a short scale today that was perfect for my purposes. soft on the hands, won't aggravate my (now-chronic) tendonitis",anger,5.54
10686,GAMEDAY VS BUFORD TODAY AT 5:30 AT HOME!!!!!!!!! NEVER BEEN SO EXCITED revenge,anger,5.54
10687,Tonight's DragRace AllStars2 episode GAVE ME LIFE! Yaassss queens! teamalaska teamkatya revenge bwahaha,anger,3.20
10688,@Kim_is__bored exactly what I have been saying on fb..,anger,5.54
10689,my wasp sting is so itchy,anger,5.56
10690,"-- haired man strides close and watches as the Major flinches away from him, the reaction draws a growl from his throat.  -- (@DocHQuinzel)",anger,5.22
10691,srry my feelings offend u ðŸ¤—,anger,5.54
10692,Sorry to burst your bubble but it isn't that century anymore. Welcome to the 21st century.,anger,5.54
10693,I can't even right now bb18,anger,5.54
10694,Asian Tiger Mosquitoes are so relentless. More aggressive than the kind I dealt w/as a kid.,anger,5.54
10695,Sometimes the best motivations come from 'proving them wrong' energy relentless MotivationalQuotes,anger,5.54
10696,@LonelyGoomba I wouldn't bring this up if I were you. It's a very touchy subject. And people get way to offended these days,anger,5.28
10697,"Are you lost in the fury, fearing that you'll fail?",anger,5.54
10698,I need a ðŸ±sushi dateðŸ™ @AnzalduaG ðŸan olive guarded dateðŸ§€ @lexiereid369 and a ðŸ‘ŠðŸ¼Rockys dateðŸ• tiff,anger,5.54
10699,my alarm clock was ringing this morning n my flatmate knocked on my door and asked if i set anything on fire or if i'm burning alive :) :):),anger,5.54
10700,@The_Nasty_P now you gotta do that with fast n furious,anger,5.54
10701,@notquitefrodo @dominictarason I remember TAs in the gamedev program said he had temper tantrums in class all the time lol,anger,5.54
10702,i love that tay &amp; tiff are just sitting at my house while i'm at work ðŸ™ƒ,anger,5.54
10703,"â€œHe who is slow to anger is better than the mighty, And he who rules his spirit than he who takes a city.â€ P16:32 bibleverse pride",anger,5.54
10704,"@MeghanEMurphy Oh gosh, if you get 800+ raging comments from cruise fans, I will just die laughing!",anger,5.54
10705,Skipping meals is the national way of showing disappointment and . wiz,anger,5.54
10706,"{Strong hands moving to firmly grope each of @WhimsicallyWild's thighs, squeezing as her digging nails extract a growl from me.}",anger,5.54
10707,@l1ght__eyes u tried boiling em takes years too,anger,5.54
10708,@RLH2606 if u know who died.. I would also burst out crying.... From JOY!!! ðŸ˜‰,anger,5.54
10709,@CrayonToCrayon @SueScoby  It's always fun to anger 'All the Old Dudes.' with Rock N' Roll :)),anger,5.54
10710,being bitter only hurts yourself lmaooo,anger,5.54
10711,Sometimes I think the British political landscape is desolate and then I look over at the foaming wasteland of the US and think we're OK,anger,5.54
10712,A wise man told me that holdin' a grudge is like Letting somebody just live inside of your head rent free,anger,5.54
10713,Heading home to cut grass in the heat. All I wanna do is go out to eat somewhere air conditioned.  AdultingIsTheWorst,anger,5.54
10714,@BarackObama I love Lizzy Warren's latest rage against Wall Street.,anger,2.57
10715,When you forget to mention you were bought dreamboys tickets ðŸ™„ðŸ˜‚,anger,5.54
10716,Praying for the Lord to keep anger hate jealousy away from your heart is a sign of maturity conciseness,anger,5.54
10717,My little sister sure can hold a grudge ðŸ˜‚ðŸ˜‚ðŸ˜‚,anger,5.33
10718,"@ShieldsCap &lt; Steve between his feet, feeling a blush sting his cheeks. 'I can undress myself, thank you very much,' he snapped &gt;",anger,5.33
10719,one of the main things im doing w/ 13c is filling in the void of my empty bitter heart by making everything how i wanted it to be growing up,anger,5.33
10720,snap music kept me from running into traffic 2005-2007.,anger,5.33
10721,"When anger rises, think of the consequences. quote wisdom",anger,5.33
10722,Never make a decision when you're angry and never make a promise when you're happy. wisewords,anger,5.33
10723,Keep in mind. We're all weak. Don't insult people just because they're human.,anger,5.33
10724,@TDsNation i watch all your videos but i like madden better!,anger,5.33
10725,Projection is perception. See it in someone else? You also at some level have that within you.  worry,anger,5.33
10726,So Rangers v Celtic ll revenge,anger,5.33
10727,@lethargytyler ehhh I guess. I want to everyone I've ever burst out laughing in front ofðŸ˜‚,anger,5.33
10728,@kateracculia @themathofyou It's true! I reverse-engineered the drink. It's a scientific method. I hear it's all the rage.,anger,5.33
10729,@KodieBurch yesss..apparently you've been popular on snap ðŸ™„,anger,5.33
10730,When a grown adult doesn't drink or has never drank before I just assume they were raised around a raging alcoholic and they want no parts.,anger,5.33
10731,@EAMaddenNFL @EASPORTS I played a game where John Elway was sacked 3x and fumbled all 3x. Is this the same John elway I know of???,anger,5.33
10732,"Zumba, PiYo and HIIT sessions. Sweaty, burning but sooooooo good! missedoutonsummerbikinibodybutwintersunbodywilldo",anger,5.33
10733,@jamiesonhelen @MarianKeyes all three of my agin's on the pout .,anger,4.56
10734,Anger is cheap and politeness is expensive. Don't expect everybody to be polite. ThoughtfulThursday  politeness,anger,5.33
10735,don't give someone power by letting their words offend you,anger,5.33
10736,"Rt @yoelamite i need that one back, that whole cd was hard, the one with a rage flew through, rhyme flow, n the 1 u speak on the dollar",anger,5.33
10737,Lot 100 would give Ghandi road rage,anger,5.33
10738,@StutteringGiant at least his character in fast and furious pumped some adrenaline into the franchise. But that's about it,anger,5.33
10739,"How can I tell Happy Anniversary, when u are not happy..  ampalaya paitpaitanangpeg",anger,5.41
10740,I love when @pinksaltwarrior angry tweets bc it makes me laugh but also hate it bc it makes me miss her more,anger,5.33
10741,when you find out the initiative isn't even a thing ðŸ˜§,anger,5.12
10742,"All this from a cigarette burning in Laura's hand, the angle of her chin, the purse of her lips.'(104) Gorgeous transition!@laurengrodstein",anger,5.12
10743,This all resent India Pakistan problem is save NawazSharif @ImranKhanPTI @PTIofficial,anger,5.12
10744,Awareness seek shelter .Letgo Old habit of chasing desires resultin in anger fear worry .Choose Satisfaction within Peace Relax,anger,5.12
10745,@RealJeffsdomain Wolfpack theme and trons and sting wore the wolf shirt,anger,5.12
10746,"@MHChat sadness with resentment is the past, sadness with fear is the future. try to live in the now MHchat",anger,2.52
10747,Anger is cheap and politeness is expensive. Don't expect everybody to be polite. ThoughtfulThursday anger politeness,anger,5.12
10748,@JOjojosiejay or in my case a raging moody cow lol why i buy moody cow socks lol,anger,6.29
10749,I'm just doing what u should b doing just minding my business and grinding relentless @LITO615,anger,5.12
10750,Holding a grudge doesn't make you strong; it makes you bitter. Forgiving doesn't make you weak; it sets you free.,anger,5.12
10751,@pianimadi regarde tes snap,anger,5.12
10752,Standard Candice starting the show with a pout startasyoumeantogoon GBBO,anger,5.30
10753,"@Klipto the orange one is poisonous and bitter. You shouldn't judge the blue one by how it looks but by how it tastes, delicious.",anger,5.12
10754,Who got madden 17 or 2k17 ps4 add TrackdawgT lets run it,anger,5.12
10755,I wish the next madden has a story mode too. Just like Fifa 17 madden,anger,5.12
10756,@MetsProspectHub @brianpmangan taking offense to acount...he ranks 32 of 36 over last 2 years by SABR,anger,5.12
10757,@justinbieber Thank u Justin for this amazing concert. I can't believe that only u can provoke these thousand smiles these nightBelieveTour,anger,5.12
10758,@The_Boxing_Hub klitschko @Klitschko over fury any day boxing,anger,5.12
10759,The best revenge is massive success.,anger,5.12
10760,"Tiangong 1, China's first space laboratory, will come to a fiery end in late 2017. The average decommissioned satellite either burns ...",anger,5.12
10761,Houston might lose a coach tomorrow or by midnight. yikes ?,anger,5.12
10762,"Well, the lines for Sweden's goals sure sting.",anger,5.12
10763,Don't get bitter get BETTER,anger,5.12
10764,Don't be bitter,anger,4.52
10765,Went n a bodega 4 incense lookd @ the sis behind the counter &amp; it was like a mirror she said where u from I said here she said no originally,anger,3.05
10766,Recommended reading: Prisoners of Hate by Aaron Beck,anger,4.52
10767,@CharlotteBnntt that's the joke. I know it's incense,anger,3.42
10768,Leveled at the half. Much better offense expected in the second half,anger,3.02
10769,@sueblue35 @nsoz7 @immortalbulldog huh? We have a sprint coach? We're the slowest team in the comp. Talk about robbing a living.,anger,4.52
10770,firsttweetever sippin hotchocolate wondering why I finally gave in &lt;3 haha hellloooootwitter - ...its because facebookisforfamily,anger,4.52
10771,One of my favorite classic cars is the Plymouth fiery.,anger,4.52
10772,"As your own lives in order to complete our amazing life journey successfully, it is there.",anger,5.57
10773,Kik me I want to swap pics I will post on my account anonymously if you wish Kik: vsvplou Kik kikme snap nudes tits snapchat,anger,4.52
10774,Focus on yourself. Don't let other's love define you when you're happy and don't let it make you bitter if you get hurt.,anger,4.52
10775,I wish the next madden has a story mode too. Just like Fifa 17,anger,4.52
10776,@ImpugnValkyrie *I frown and cup your cheeks in my hands after you step aside.* Angela I care about you. And I don't know how else I can -,anger,5.04
10777,ðŸ˜³The intensity that @sydneyswans play at is extraordinary relentless AFLCatsSwans AFLFinals ðŸ‰ðŸ‘ðŸ¿,anger,4.52
10778,Need a new outlet for,anger,4.52
10779,I need a ðŸ±sushi dateðŸ™ @AnzalduaG ðŸan olive guarded dateðŸ§€ @lexiereid369 and a ðŸ‘ŠðŸ¼Rockys dateðŸ•,anger,4.31
10780,@leener00 @libbyfloyd1 @G_Eazy my snap is andriaprebles â¤ï¸,anger,4.31
10781,Colors of the leaves are- changing.  Heatwaves in LA still- raging.  Lattes made in batches. Visit pumpkin patches. FallSongs,anger,4.31
10782,@shopgreenwich ldf16 what shall we do this weekend?  spraypainting in greenwichmarket with @SNUB23 core246 lilylou fret &amp; benoakley,anger,4.31
10783,"It takes a man to suffer ignorance and smile. Be yourself, no matter what they say.",anger,4.31
10784,"@FrizzeyesJr meeee, i'm lvl 320 and i have not a single relentless",anger,4.31
10785,@_Inferno217_ @PaladinsGame ummm that dragons fury though..,anger,4.31
10786,@NessaMatthews he's perfect. But not even in that way where you sort of resent him or suspect that he leads a double life. Just perfect.,anger,4.31
10787,@jetmissTee I thought I peeped him on your snap. That's the homie âœŠðŸ½ lol,anger,4.31
10788,@pbump @AndyRichter  My heart goes out to that woman for the indignity of what she is sitting through.,anger,4.31
10789,You can't fight the elephants until you have wrestled the pigs. quoteoftheday relentless,anger,4.31
10790,@serendipity127_ @zombiecalorie @Angel_Eyes66 I'm sensing a theme here tho lol,anger,4.31
10791,ESPN just assumed I wanted their free magazines,anger,4.31
10792,"If my luck the rest of Fall goes anything like today, I think I'm going to like this season. bestdayever magic work snap",anger,4.31
10793,These NewEnglandPatriots jerseys look like some whack ones that you tried to make when you made custom jerseys on madden  04,anger,4.31
10794,@DMAnthonyJoseph @TheClumpany No grudge. Only truth in abundance.,anger,4.31
10795,"@Lesdoggg take me with you!! JK. Have fun, relax, get a massage or two and chill. Don't eat the cucumbers, most places frown on that.",anger,4.31
10796,630am meeting Olympic House 10golds24 .  neverquit believe dreambig TeamTTO going4gold,anger,4.31
10797,Houston might lose a coach tomorrow or by midnight.  yikes offense?,anger,4.31
10798,It's easy to hold a grudge harder to let go.,anger,4.55
10799,Prayers &amp; Protection to our brothers and sisters fighting in Charlotte  against machines,anger,3.09
10800,testing,anger,4.10
10801,Happiness is the best revenge,anger,4.10
10802,I forgot about this nice area down here with the fiery hearths,anger,4.10
10803,"It takes a man to suffer ignorance and smile. Be yourself, no matter what they say. sting",anger,4.10
10804,@KingNicky7 also madden isn't the funniest game to watch and if there isn't much happening it's boring,anger,4.10
10805,"Mm, okay. Ham for you and turkey for me.' Gives his hair a ruffle before heading back in the kitchen to set out the &gt;&gt; @DarkSithKenobi",anger,4.10
10806,"Oh my. Watching rage. It's been like, ages",anger,4.10
10807,Like hello? I am your first born you must always laugh at my jokes.,anger,5.24
10808,Sometimes the best motivations come from 'proving them wrong' energy  MotivationalQuotes,anger,4.10
10809,Tonight's DragRace AllStars2 episode GAVE ME LIFE! Yaassss queens! teamalaska teamkatya  bwahaha,anger,4.10
10810,and naoto nod she also like tha bands. but she also frown. 'Will the bands 'Papa Roach' be at concert...?',anger,3.49
10811,"If someone keeps laughing at you, don't fret  . At least u r giving happiness .' quotes quotestoliveby",anger,3.49
10812,@wesrucker247 sounds like a good game plan for our offense....,anger,3.22
10813,The most important thing to bestrong is to hold your  thoughts,anger,2.27
10814,So Rangers v Celtic ll,anger,3.49
10815,I think they may be,anger,3.49
10816,I should really study today for chemistry but playing madden is just way more fun.,anger,3.28
10817,i love the word fret so much and im in heaven,anger,2.07
10818,@WWE is the live event Brock vs Orton 2 this Saturday on the WWE Network? If not it needs to be! :) wwe @RandyOrton @HeymanHustle,anger,3.28
10819,Thursdays at 6pm Vespers &amp; Meditation prayerful plainsong multisensory candles incense psalms music silence faithful sing or listen,anger,3.28
10820,pray for my boy huff,anger,3.28
10821,GAMEDAY VS BUFORD TODAY AT 5:30 AT HOME!!!!!!!!! NEVER BEEN SO EXCITED,anger,3.28
10822,snap: hiAleshia ðŸ˜ƒ,anger,3.28
10823,I need to stop second guess myself and just go with the first thought and go with it.,anger,3.28
10824,630am meeting Olympic House 10golds24 .  relentless neverquit believe dreambig TeamTTO going4gold,anger,3.28
10825,"@ezlisteningdisc it doesn't offend me but it's just,,, Weird.",anger,3.08
10826,Drop Snapchat names bored  swap pics,anger,3.08
10827,Follow me on Snapchat ðŸ‘» Carlabtst15 snapchat,anger,3.08
10828,"I love when girls are busy in teaching how to pout while taking selfie in a mall , their desication is immense women love perfection",anger,3.08
10829,follow my girl tiff she only got 3 followersðŸ’–ðŸ’˜ðŸ’–ðŸ’˜ðŸ’˜ @00tiffanyr,anger,3.08
10830,@Ms_HeartAttack peanut butter takes away the sting,anger,3.08
10831,hate to see y'all frown but I'd rather see him smiling ðŸ’•âœ¨,anger,3.08
10832,@JaredLeto Jared + snap? ðŸ’˜,anger,3.08
10833,Kik me I want to swap pics I will post on my account anonymously if you wish Kik: vsvplou Kik kikme  nudes tits snapchat,anger,3.08
10834,ordered my vacation bathing suits. one less thing to fret about.,anger,3.08
10835,Cheap pout my brodcast,anger,3.52
10836,Ughhh love a clean house and my incense lit aromatherapy,anger,4.20
10837,Follow me on Snapchat ðŸ‘» Carlabtst15 snapchat snap,anger,2.47
10838,Vale! Vale! Sip sangria and taste tantalizing tapas @ElCidLA  's fiery flamenco nights! MinutesFromHoM SilverLake LA Flamenco,anger,2.47
10839,"Grateful for all the hungry people in my life! Hungry to learn, change, grow, help, etc - not sure anybody has it better! relentless",anger,2.47
10840,Love the new song I can't stop thinking about you by sting.,anger,2.47
10841,"@thomeagle Just to help maintain and boost our status as a world class centre for education, culture and tolerance.",anger,2.47
10842,"@savageimiike one of my favorite songs brother, real talk.",anger,2.37
10843,one month til someone's bday and i think it's time to flaunt that I got them something pretty awesome,anger,2.23
10844,@Aurena1701 @AngryOrchard he didn't sting me luckily. He just flew off happy and drunk. Lolololol,anger,2.26
10845,"Ellie just gave me loads of gifts with notes on em for uni n I burst out in tears, I LOVE HERðŸ˜©",anger,2.26
10846,@EagleGiles23 @tgilmore_92 what I miss?,anger,2.26
10847,@Callidissima @ahouseingotham wrath of khan is one of the best movies of all time,anger,2.26
10848,I'm girly in the sense that I always have lashes &amp; nails done but tomboy in the sense that black is my only color &amp; refuse the ruffle life,anger,2.26
10849,Follow up. Follow through. Be relentless. success,anger,2.05
10850,@cburt43 turn that frown upside down,anger,2.05
10851,@CorningFootball  IT'S GAME DAY!!!!      T MINUS 14:30,anger,2.05
10852,rose incense are the best thing I've ever bought,anger,2.05
10853,@jaaames1993 Literally burst out laughing.,anger,1.07
10854,Follow up. Follow through. Be . success,anger,2.05
10855,Wrinkles should merely hide where frown have been.  - Mark Twain,anger,2.05
10856,Love the new song I can't stop thinking about you by .,anger,1.23